run_id,lib_conc_ng_ul,frag_size_bp,load_conc_pm,cluster_density_k_mm2,din_score,undetermined_pct,kit_age_days,room_temp_c,lib_method,calib_status,operator_exp_years,failure_prob,run_failed
MGI-SYN-0001,2.85,462,1.33,507,5.4,0.92,135,17.9,pcr_based,within_month,5,0.1,0
MGI-SYN-0002,2.08,424,1.54,695,6.9,1.05,260,25.4,amplicon,within_week,1,0.08,0
MGI-SYN-0003,3.08,355,1.28,776,7.0,3.09,308,16.0,pcr_based,within_month,2,0.33,0
MGI-SYN-0004,4.77,298,1.48,1190,7.9,1.69,247,18.2,amplicon,within_month,8,0.0,0
MGI-SYN-0005,1.98,406,0.84,950,4.5,1.42,159,20.5,pcr_free,within_month,10,0.15,0
MGI-SYN-0006,1.98,381,1.69,610,8.1,5.18,203,23.7,amplicon,within_week,3,0.0,0
MGI-SYN-0007,4.9,422,1.6,937,2.1,5.26,112,20.4,pcr_free,within_month,1,0.38,0
MGI-SYN-0008,3.27,401,1.27,571,5.9,8.7,292,20.9,pcr_free,within_month,3,0.15,0
MGI-SYN-0009,1.76,434,1.86,1045,6.1,2.7,310,21.0,pcr_based,today,1,0.23,0
MGI-SYN-0010,2.92,307,1.98,765,8.1,0.38,119,22.5,amplicon,within_month,2,0.08,0
MGI-SYN-0011,1.77,455,0.96,833,7.0,1.6,17,18.3,pcr_free,within_week,8,0.0,0
MGI-SYN-0012,1.76,366,1.29,1089,4.5,19.56,331,19.2,pcr_free,within_week,10,0.4,0
MGI-SYN-0013,2.51,516,1.29,618,5.2,4.53,227,27.0,wes,within_week,1,0.08,0
MGI-SYN-0014,0.86,295,1.22,599,7.4,6.18,361,23.2,wes,within_week,5,0.3,0
MGI-SYN-0015,0.94,489,1.93,745,6.9,0.1,117,24.3,pcr_free,within_week,3,0.15,0
MGI-SYN-0016,1.68,366,1.52,1037,6.0,3.65,43,22.2,amplicon,within_month,2,0.08,0
MGI-SYN-0017,1.34,298,1.49,577,6.1,0.19,115,21.6,pcr_based,today,2,0.08,0
MGI-SYN-0018,2.6,311,0.8,340,8.3,4.21,283,23.4,amplicon,overdue,5,0.5,0
MGI-SYN-0019,1.41,324,1.85,769,6.1,12.68,37,24.2,wes,within_month,1,0.18,0
MGI-SYN-0020,1.1,384,1.1,949,6.8,17.28,302,24.5,pcr_free,within_week,3,0.4,0
MGI-SYN-0021,4.63,392,1.62,1066,10.0,3.89,113,21.6,wes,today,2,0.08,0
MGI-SYN-0022,1.99,304,1.71,767,4.4,3.06,35,24.9,pcr_based,within_month,3,0.15,0
MGI-SYN-0023,2.3,348,2.14,776,3.7,14.5,132,15.0,amplicon,within_month,2,0.43,0
MGI-SYN-0024,1.09,521,1.08,1058,8.4,5.6,336,24.7,amplicon,today,8,0.3,0
MGI-SYN-0025,1.7,488,0.5,513,5.8,0.34,336,20.7,rna_seq,within_week,5,0.15,0
MGI-SYN-0026,2.35,385,1.67,780,6.4,3.13,228,23.7,pcr_free,within_month,8,0.0,0
MGI-SYN-0027,1.25,353,2.32,884,5.6,1.37,147,20.1,pcr_free,today,3,0.0,0
MGI-SYN-0028,2.69,360,2.1,931,6.5,3.17,122,18.0,pcr_free,overdue,3,0.15,0
MGI-SYN-0029,1.65,399,1.68,758,9.9,3.04,81,23.0,rna_seq,within_month,3,0.0,0
MGI-SYN-0030,1.92,268,1.4,856,8.4,4.36,173,17.5,amplicon,within_week,1,0.18,0
MGI-SYN-0031,1.65,329,1.92,402,8.6,2.21,154,20.8,amplicon,within_week,5,0.0,0
MGI-SYN-0032,5.62,217,1.21,732,4.5,0.9,150,19.6,pcr_free,today,3,0.3,0
MGI-SYN-0033,2.21,382,1.79,932,4.9,3.5,58,21.5,wes,within_month,3,0.15,1
MGI-SYN-0034,1.31,402,1.8,673,1.9,8.87,63,24.4,wes,today,5,0.3,0
MGI-SYN-0035,3.36,311,2.02,861,5.5,5.45,156,20.5,amplicon,within_week,3,0.0,0
MGI-SYN-0036,1.21,476,2.7,930,8.7,2.07,356,22.9,pcr_based,within_month,10,0.15,0
MGI-SYN-0037,2.47,252,1.76,788,7.9,13.71,322,24.2,pcr_free,within_week,3,0.25,0
MGI-SYN-0038,0.84,233,1.4,881,6.6,12.16,168,20.2,amplicon,within_month,5,0.25,0
MGI-SYN-0039,1.15,368,1.59,677,7.0,1.17,166,20.2,amplicon,within_month,3,0.15,1
MGI-SYN-0040,2.46,434,0.89,813,5.8,0.2,85,26.1,pcr_free,within_month,10,0.0,0
MGI-SYN-0041,3.22,485,1.32,960,7.4,6.76,137,21.8,amplicon,overdue,3,0.15,1
MGI-SYN-0042,2.42,313,1.44,878,8.4,8.79,189,23.5,pcr_based,within_month,5,0.0,0
MGI-SYN-0043,2.1,436,1.39,744,4.1,17.19,2,23.5,wes,within_week,2,0.33,0
MGI-SYN-0044,1.91,347,1.66,890,7.5,11.03,106,18.4,pcr_based,within_week,5,0.1,0
MGI-SYN-0045,1.06,336,1.27,979,8.7,4.59,364,19.7,pcr_free,within_week,3,0.3,1
MGI-SYN-0046,1.55,421,2.05,481,6.3,3.78,72,23.1,pcr_based,within_month,3,0.0,0
MGI-SYN-0047,1.77,402,1.6,1059,8.3,0.14,126,15.8,pcr_based,within_week,8,0.1,0
MGI-SYN-0048,3.78,224,1.6,789,10.0,1.42,170,21.4,pcr_free,overdue,10,0.15,0
MGI-SYN-0049,2.64,468,1.47,927,6.8,3.08,205,19.4,wes,within_month,3,0.0,0
MGI-SYN-0050,0.92,460,1.66,1066,7.7,4.95,313,25.3,pcr_free,within_week,8,0.3,0
MGI-SYN-0051,2.62,300,1.93,603,5.7,4.07,337,23.0,pcr_based,within_month,1,0.23,0
MGI-SYN-0052,1.84,382,1.25,722,7.3,6.79,195,25.6,pcr_free,within_week,8,0.0,0
MGI-SYN-0053,1.59,390,1.34,798,7.8,1.64,158,21.9,pcr_free,within_month,5,0.0,0
MGI-SYN-0054,3.02,371,1.48,709,7.4,4.16,141,21.7,pcr_based,within_month,3,0.0,0
MGI-SYN-0055,3.73,306,1.06,1162,5.2,0.46,275,21.1,pcr_free,today,8,0.15,0
MGI-SYN-0056,3.55,296,1.27,696,7.4,2.67,7,20.5,amplicon,within_week,8,0.0,0
MGI-SYN-0057,1.46,348,1.41,750,9.6,6.93,54,30.1,pcr_free,overdue,3,0.25,1
MGI-SYN-0058,1.91,444,1.95,887,7.8,5.91,104,24.4,amplicon,within_month,8,0.0,0
MGI-SYN-0059,2.63,393,1.71,634,8.7,23.36,342,18.8,pcr_free,overdue,1,0.58,1
MGI-SYN-0060,3.62,320,1.68,779,6.6,1.63,338,29.9,pcr_free,today,8,0.25,0
MGI-SYN-0061,1.75,412,1.94,907,8.3,3.45,61,20.8,pcr_based,within_week,5,0.0,0
MGI-SYN-0062,2.03,122,1.55,790,7.5,2.0,87,23.0,wes,within_week,1,0.38,1
MGI-SYN-0063,1.28,442,1.76,833,5.3,2.9,258,24.8,amplicon,within_month,5,0.0,0
MGI-SYN-0064,1.22,211,1.56,755,7.6,9.72,178,17.4,wes,within_week,5,0.25,0
MGI-SYN-0065,3.34,321,1.71,577,5.2,5.76,242,19.5,pcr_free,within_week,5,0.0,0
MGI-SYN-0066,4.38,260,1.37,908,5.9,10.7,203,26.9,wes,within_month,3,0.1,0
MGI-SYN-0067,2.15,246,0.62,1166,7.3,1.14,31,21.3,pcr_free,within_month,3,0.0,0
MGI-SYN-0068,3.68,443,1.55,853,7.5,10.33,289,25.0,pcr_free,within_week,8,0.25,0
MGI-SYN-0069,2.67,313,2.17,891,4.9,0.31,80,20.6,amplicon,within_month,3,0.15,0
MGI-SYN-0070,1.61,378,1.97,975,8.9,10.97,11,21.7,pcr_based,within_month,3,0.1,0
MGI-SYN-0071,2.67,346,1.99,622,8.0,2.0,254,27.4,rna_seq,within_week,5,0.0,0
MGI-SYN-0072,4.8,388,2.09,1156,5.7,1.89,287,23.3,pcr_free,within_week,1,0.23,0
MGI-SYN-0073,2.19,356,1.64,886,4.2,3.59,176,21.0,rna_seq,within_week,5,0.15,0
MGI-SYN-0074,4.87,247,1.68,1144,6.7,14.12,126,19.9,amplicon,within_month,5,0.1,0
MGI-SYN-0075,0.6,430,1.35,718,6.2,0.24,47,20.2,amplicon,within_month,5,0.35,0
MGI-SYN-0076,3.36,310,1.47,1177,7.2,2.17,206,25.7,pcr_free,within_week,3,0.0,0
MGI-SYN-0077,2.32,225,1.85,990,6.3,9.71,107,24.3,pcr_based,within_week,3,0.0,0
MGI-SYN-0078,1.92,316,2.08,950,3.4,2.52,275,18.6,rna_seq,overdue,3,0.45,1
MGI-SYN-0079,2.33,470,1.54,892,6.3,1.11,337,22.3,pcr_based,overdue,8,0.3,1
MGI-SYN-0080,0.82,418,1.42,805,6.4,2.77,123,21.8,amplicon,within_month,2,0.23,0
MGI-SYN-0081,1.99,322,1.6,1066,8.1,2.44,134,22.9,rna_seq,overdue,10,0.15,1
MGI-SYN-0082,2.66,322,1.84,875,5.7,12.35,107,20.2,pcr_based,within_month,5,0.1,0
MGI-SYN-0083,4.66,324,1.02,496,10.0,7.18,305,25.3,amplicon,within_month,8,0.15,0
MGI-SYN-0084,1.72,516,0.68,649,3.6,3.52,329,22.0,amplicon,within_week,3,0.3,0
MGI-SYN-0085,1.49,381,1.38,817,9.4,22.27,50,23.1,pcr_free,within_week,3,0.2,0
MGI-SYN-0086,1.73,384,1.11,906,6.6,3.13,337,19.6,pcr_free,today,10,0.15,0
MGI-SYN-0087,3.52,432,1.4,840,8.5,0.3,95,19.8,pcr_based,within_month,1,0.08,0
MGI-SYN-0088,2.62,369,1.54,1069,7.1,1.52,268,30.0,pcr_based,overdue,2,0.33,1
MGI-SYN-0089,1.71,329,1.42,499,9.1,2.86,23,27.4,amplicon,within_month,3,0.0,0
MGI-SYN-0090,2.88,334,2.18,876,6.3,0.85,54,21.8,pcr_free,within_week,10,0.0,0
MGI-SYN-0091,2.34,344,1.73,523,5.0,14.74,254,26.6,rna_seq,within_week,5,0.1,0
MGI-SYN-0092,3.61,347,1.72,987,9.6,7.28,235,25.6,pcr_free,within_week,5,0.0,0
MGI-SYN-0093,1.57,408,1.85,833,6.8,1.56,59,20.1,amplicon,within_week,5,0.0,0
MGI-SYN-0094,1.89,354,1.14,926,7.4,4.47,164,19.8,amplicon,within_month,3,0.0,0
MGI-SYN-0095,1.83,409,2.02,695,9.2,6.39,259,24.0,pcr_free,overdue,8,0.15,1
MGI-SYN-0096,1.07,344,1.57,1080,5.1,14.17,314,22.8,pcr_free,today,3,0.4,0
MGI-SYN-0097,2.58,356,1.87,1038,8.1,10.67,216,20.8,wes,today,8,0.1,0
MGI-SYN-0098,2.54,190,1.17,955,5.9,3.62,183,24.2,wes,within_month,3,0.15,0
MGI-SYN-0099,2.23,423,0.98,827,6.8,7.45,57,17.7,pcr_based,within_week,3,0.1,0
MGI-SYN-0100,1.98,378,1.93,954,7.1,4.13,145,22.3,pcr_based,overdue,5,0.15,0
MGI-SYN-0101,1.1,430,1.75,723,4.3,4.02,90,18.3,pcr_based,within_week,3,0.3,0
MGI-SYN-0102,1.8,118,1.24,1004,5.6,0.61,311,18.4,pcr_free,within_week,5,0.45,0
MGI-SYN-0103,1.88,517,1.25,1147,9.4,0.67,45,19.9,amplicon,within_week,3,0.0,0
MGI-SYN-0104,1.49,339,2.05,1043,8.6,3.77,257,23.1,wes,today,2,0.08,0
MGI-SYN-0105,2.05,439,1.12,719,6.9,1.57,21,20.0,pcr_based,within_month,3,0.0,0
MGI-SYN-0106,2.72,267,2.26,915,7.4,0.11,21,18.3,rna_seq,within_week,5,0.0,0
MGI-SYN-0107,5.71,399,1.24,617,6.5,6.42,52,23.4,pcr_free,within_week,2,0.08,0
MGI-SYN-0108,2.43,266,1.86,953,9.4,0.17,338,26.5,amplicon,within_month,5,0.15,0
MGI-SYN-0109,2.53,300,1.47,931,6.6,4.52,171,23.9,pcr_based,today,3,0.0,0
MGI-SYN-0110,2.14,503,1.84,513,7.4,3.87,67,27.4,pcr_based,today,3,0.0,0
MGI-SYN-0111,0.85,335,1.38,641,9.1,17.34,113,26.2,pcr_based,within_month,3,0.25,0
MGI-SYN-0112,2.2,367,1.53,799,5.6,3.31,300,20.5,pcr_based,within_month,10,0.15,0
MGI-SYN-0113,2.29,420,1.62,796,9.8,0.33,160,23.9,amplicon,overdue,5,0.15,0
MGI-SYN-0114,7.63,390,1.2,632,4.2,4.01,266,21.7,amplicon,within_week,3,0.15,0
MGI-SYN-0115,2.02,362,1.9,920,9.9,9.2,320,25.2,pcr_based,today,5,0.15,0
MGI-SYN-0116,2.59,379,1.39,895,6.3,28.8,232,21.7,wes,today,8,0.2,0
MGI-SYN-0117,2.19,542,1.51,815,6.6,2.81,325,19.6,pcr_based,within_week,3,0.15,0
MGI-SYN-0118,1.24,345,1.2,714,3.6,1.93,68,26.1,amplicon,within_month,8,0.15,0
MGI-SYN-0119,3.94,366,0.58,1039,6.2,11.86,28,23.0,pcr_free,within_month,2,0.18,0
MGI-SYN-0120,3.24,434,1.52,1148,5.1,1.06,116,20.0,pcr_free,within_month,8,0.0,0
MGI-SYN-0121,3.31,438,2.57,763,5.9,4.78,51,20.5,pcr_based,within_week,5,0.0,0
MGI-SYN-0122,1.41,445,1.91,740,6.8,2.6,181,20.0,amplicon,within_month,2,0.08,0
MGI-SYN-0123,4.49,401,1.59,938,8.7,0.21,260,19.0,amplicon,overdue,3,0.15,0
MGI-SYN-0124,1.1,259,1.49,786,7.4,2.13,79,20.6,pcr_based,within_week,10,0.15,0
MGI-SYN-0125,2.98,481,1.61,825,7.6,1.54,273,23.1,pcr_free,within_month,8,0.15,1
MGI-SYN-0126,6.65,258,1.82,983,5.0,5.79,108,22.2,pcr_based,overdue,5,0.15,0
MGI-SYN-0127,1.36,374,1.13,506,5.4,14.86,74,20.7,amplicon,within_month,2,0.18,0
MGI-SYN-0128,1.68,290,2.05,1087,10.0,1.56,175,26.5,amplicon,within_month,3,0.0,0
MGI-SYN-0129,2.34,345,1.89,863,5.7,8.34,184,16.0,pcr_free,within_week,3,0.1,0
MGI-SYN-0130,1.73,376,1.89,776,10.0,0.28,23,22.9,pcr_free,within_week,1,0.08,1
MGI-SYN-0131,1.02,376,1.78,834,6.6,3.86,274,21.6,wes,today,5,0.3,0
MGI-SYN-0132,2.3,384,1.61,843,7.0,0.37,129,19.1,pcr_free,within_month,8,0.0,0
MGI-SYN-0133,1.31,479,1.87,538,8.9,13.59,291,23.1,pcr_free,today,5,0.25,0
MGI-SYN-0134,2.82,386,1.84,1119,9.3,7.27,320,21.3,pcr_free,within_month,2,0.23,0
MGI-SYN-0135,1.41,330,1.46,857,6.8,5.36,186,25.7,pcr_based,within_month,5,0.0,0
MGI-SYN-0136,4.83,427,1.37,930,6.3,8.68,59,24.6,pcr_based,within_month,10,0.0,0
MGI-SYN-0137,1.5,445,1.64,1021,6.9,5.21,1,27.7,amplicon,today,5,0.0,0
MGI-SYN-0138,1.89,252,2.22,666,7.6,17.36,131,20.6,pcr_based,today,5,0.1,0
MGI-SYN-0139,3.34,398,1.1,935,8.6,6.26,67,26.2,amplicon,within_month,10,0.0,0
MGI-SYN-0140,1.2,406,1.01,802,7.0,12.93,293,18.5,pcr_free,within_month,8,0.25,1
MGI-SYN-0141,2.49,326,1.67,1002,8.1,3.64,285,21.7,wes,within_month,2,0.23,0
MGI-SYN-0142,4.28,460,1.62,467,9.9,0.62,89,20.6,amplicon,within_week,3,0.0,0
MGI-SYN-0143,1.0,338,1.67,832,7.7,3.76,100,23.8,amplicon,within_month,10,0.15,0
MGI-SYN-0144,2.44,360,1.7,741,7.6,0.68,189,23.7,pcr_free,within_month,3,0.0,0
MGI-SYN-0145,2.53,336,1.51,928,4.3,4.49,346,19.3,pcr_free,within_month,2,0.38,0
MGI-SYN-0146,3.29,351,2.2,935,2.3,3.29,241,24.0,pcr_based,within_month,3,0.3,0
MGI-SYN-0147,1.2,262,0.96,723,7.7,4.87,270,20.9,amplicon,within_month,5,0.0,0
MGI-SYN-0148,1.15,235,1.27,722,6.8,0.1,219,19.5,pcr_free,within_week,10,0.15,0
MGI-SYN-0149,2.89,478,1.56,830,6.1,1.08,176,22.0,rna_seq,today,3,0.0,0
MGI-SYN-0150,2.58,282,0.94,689,7.4,3.38,341,17.6,rna_seq,within_month,5,0.25,0
MGI-SYN-0151,2.52,271,1.53,1002,6.9,15.03,233,24.8,pcr_based,today,8,0.1,0
MGI-SYN-0152,2.65,178,2.26,784,9.0,2.42,151,21.8,rna_seq,within_month,3,0.15,0
MGI-SYN-0153,1.58,299,1.61,327,7.2,2.76,277,21.9,pcr_free,within_month,2,0.43,1
MGI-SYN-0154,2.5,244,1.69,783,5.7,6.27,229,21.7,pcr_free,overdue,10,0.15,0
MGI-SYN-0155,2.58,481,1.1,663,8.8,4.63,171,26.9,pcr_free,within_month,3,0.0,0
MGI-SYN-0156,1.56,431,1.35,556,6.6,1.78,223,26.6,amplicon,today,5,0.0,0
MGI-SYN-0157,5.66,295,1.45,627,7.9,2.65,213,26.1,pcr_free,within_week,5,0.0,0
MGI-SYN-0158,2.82,530,1.47,870,6.1,1.23,282,21.7,rna_seq,within_month,1,0.23,0
MGI-SYN-0159,1.23,429,2.11,1089,5.8,16.91,41,18.7,pcr_free,within_week,10,0.1,0
MGI-SYN-0160,3.09,324,1.82,906,7.2,0.7,122,22.0,pcr_based,within_month,3,0.0,0
MGI-SYN-0161,1.37,150,1.16,741,7.0,2.32,227,22.9,wes,within_month,3,0.15,0
MGI-SYN-0162,3.3,533,1.7,932,7.9,0.13,294,24.4,pcr_free,within_week,2,0.23,0
MGI-SYN-0163,3.97,239,1.8,767,6.5,1.25,88,22.9,pcr_free,within_week,3,0.0,0
MGI-SYN-0164,1.48,218,2.06,725,3.7,7.58,267,18.9,amplicon,within_month,8,0.3,1
MGI-SYN-0165,3.6,432,2.23,642,6.2,1.12,29,20.4,pcr_based,overdue,8,0.15,0
MGI-SYN-0166,2.74,545,1.19,535,8.4,0.42,247,20.1,pcr_free,within_week,10,0.0,0
MGI-SYN-0167,3.36,461,1.28,780,6.5,3.22,316,23.6,pcr_based,overdue,3,0.3,0
MGI-SYN-0168,5.75,395,1.1,878,6.6,0.1,244,23.7,pcr_based,within_month,5,0.0,0
MGI-SYN-0169,1.97,398,1.51,833,8.8,0.44,61,24.1,rna_seq,overdue,5,0.15,0
MGI-SYN-0170,1.53,418,1.79,775,5.7,8.24,147,22.9,wes,today,8,0.0,0
MGI-SYN-0171,1.43,411,1.99,680,4.2,7.38,174,15.8,pcr_based,today,5,0.25,0
MGI-SYN-0172,1.48,372,1.57,959,6.7,12.33,278,16.8,pcr_based,within_month,3,0.35,0
MGI-SYN-0173,2.14,358,1.47,613,6.1,9.64,334,21.6,pcr_based,overdue,3,0.3,0
MGI-SYN-0174,2.64,345,1.66,990,5.3,5.75,142,22.3,rna_seq,within_week,3,0.0,0
MGI-SYN-0175,2.56,290,1.27,670,6.7,0.27,44,25.8,pcr_free,within_month,5,0.0,0
MGI-SYN-0176,3.37,328,2.44,715,7.9,7.64,144,22.2,pcr_based,overdue,10,0.15,0
MGI-SYN-0177,2.24,215,0.96,586,7.0,9.34,353,19.1,amplicon,today,2,0.38,1
MGI-SYN-0178,4.6,342,1.67,760,7.6,8.02,333,24.0,rna_seq,within_month,1,0.23,0
MGI-SYN-0179,1.95,271,2.41,1026,10.0,3.55,55,21.9,pcr_free,overdue,2,0.23,0
MGI-SYN-0180,8.67,262,1.6,943,6.4,1.33,307,20.8,pcr_free,within_week,8,0.15,0
MGI-SYN-0181,3.04,364,1.52,1026,7.5,9.33,358,17.2,pcr_free,within_week,3,0.25,0
MGI-SYN-0182,1.45,461,1.46,944,6.1,6.49,161,22.3,pcr_free,within_month,2,0.08,0
MGI-SYN-0183,1.3,423,1.53,651,5.5,19.75,285,22.7,amplicon,within_week,3,0.25,1
MGI-SYN-0184,2.83,224,2.15,790,5.9,0.85,325,19.0,amplicon,today,5,0.15,0
MGI-SYN-0185,1.99,271,0.72,710,6.1,1.28,198,24.2,amplicon,overdue,5,0.15,0
MGI-SYN-0186,3.18,425,2.21,1090,7.6,1.19,159,24.0,pcr_free,within_month,5,0.0,0
MGI-SYN-0187,2.82,271,1.03,635,10.0,7.86,80,22.1,pcr_free,within_month,3,0.0,0
MGI-SYN-0188,2.15,332,1.49,1011,5.7,1.03,31,22.0,pcr_free,within_month,3,0.0,0
MGI-SYN-0189,1.46,394,1.43,1011,6.3,0.34,112,24.8,pcr_based,today,2,0.08,0
MGI-SYN-0190,1.04,273,1.84,1179,6.9,32.72,46,23.1,wes,within_week,1,0.43,0
MGI-SYN-0191,1.78,358,0.96,776,7.7,0.13,353,19.9,pcr_free,within_week,3,0.15,0
MGI-SYN-0192,3.42,243,1.78,978,7.5,9.02,205,21.4,pcr_free,within_week,3,0.0,0
MGI-SYN-0193,2.48,302,2.41,1261,9.3,2.27,52,23.7,pcr_based,within_month,5,0.0,0
MGI-SYN-0194,1.19,376,1.05,739,2.6,9.21,138,15.9,pcr_based,within_month,1,0.63,1
MGI-SYN-0195,2.43,223,1.68,574,2.7,4.04,74,19.2,pcr_based,within_month,2,0.38,0
MGI-SYN-0196,2.7,385,1.34,512,6.1,11.6,41,24.0,wes,within_week,8,0.1,1
MGI-SYN-0197,1.43,348,1.77,978,9.0,13.03,77,25.6,pcr_free,within_week,5,0.1,0
MGI-SYN-0198,2.4,394,1.61,511,4.2,0.1,187,25.1,amplicon,within_month,5,0.15,0
MGI-SYN-0199,2.29,368,1.34,783,1.6,0.39,52,24.7,pcr_based,within_month,8,0.3,0
MGI-SYN-0200,1.26,459,1.8,929,8.0,1.44,87,22.4,pcr_based,today,3,0.0,0
MGI-SYN-0201,2.66,360,2.32,883,7.4,5.53,109,18.9,rna_seq,within_month,8,0.0,0
MGI-SYN-0202,2.95,316,1.52,927,5.0,10.96,225,21.4,pcr_free,today,5,0.1,0
MGI-SYN-0203,3.82,360,1.89,890,5.2,3.08,248,16.0,amplicon,within_week,2,0.18,0
MGI-SYN-0204,3.77,393,1.08,1080,5.3,4.67,69,25.9,pcr_based,within_month,3,0.0,0
MGI-SYN-0205,1.12,354,1.22,679,7.2,1.04,120,19.5,pcr_based,today,3,0.15,0
MGI-SYN-0206,1.39,353,1.79,728,5.9,8.17,67,20.4,wes,within_month,3,0.0,0
MGI-SYN-0207,2.88,294,2.19,711,7.9,17.11,61,25.2,wes,within_week,3,0.1,0
MGI-SYN-0208,2.88,297,1.74,999,1.9,1.56,327,17.2,wes,today,3,0.55,1
MGI-SYN-0209,2.88,238,1.47,1012,5.5,3.41,191,18.4,amplicon,within_week,2,0.08,0
MGI-SYN-0210,15.28,490,1.6,931,5.0,0.45,189,22.8,pcr_free,overdue,1,0.43,0
MGI-SYN-0211,2.96,250,1.1,1063,6.5,4.1,151,23.6,amplicon,within_month,1,0.08,0
MGI-SYN-0212,3.93,295,1.84,638,6.0,3.49,286,21.8,amplicon,overdue,2,0.38,0
MGI-SYN-0213,3.59,293,1.95,1150,8.4,0.78,96,21.9,pcr_free,within_month,3,0.0,0
MGI-SYN-0214,3.08,422,1.42,1124,3.7,2.92,312,25.8,pcr_based,within_month,5,0.3,1
MGI-SYN-0215,1.9,326,1.41,982,7.1,2.03,309,23.9,wes,within_week,2,0.23,0
MGI-SYN-0216,3.25,450,1.71,1171,8.0,3.69,263,23.5,pcr_based,within_week,8,0.0,0
MGI-SYN-0217,1.51,296,1.43,552,10.0,4.41,97,24.3,pcr_based,within_week,8,0.0,0
MGI-SYN-0218,1.98,372,1.57,756,6.1,0.1,113,21.1,wes,within_week,5,0.0,0
MGI-SYN-0219,1.75,283,2.44,718,7.6,7.16,125,28.5,pcr_free,within_month,5,0.1,0
MGI-SYN-0220,2.32,522,1.5,980,3.8,6.24,132,15.1,pcr_free,within_week,3,0.25,0
MGI-SYN-0221,7.08,255,1.46,661,2.7,2.28,121,26.4,amplicon,within_week,1,0.38,0
MGI-SYN-0222,0.87,375,1.34,986,8.5,0.27,197,24.7,pcr_based,within_week,10,0.15,0
MGI-SYN-0223,3.14,401,1.9,1097,7.0,7.03,294,22.7,amplicon,within_week,2,0.23,0
MGI-SYN-0224,0.99,383,1.53,975,9.1,15.52,122,22.2,pcr_free,within_month,10,0.25,1
MGI-SYN-0225,1.76,335,1.34,901,4.5,1.37,282,21.5,pcr_based,overdue,5,0.45,0
MGI-SYN-0226,3.84,340,2.13,672,7.9,1.95,260,25.3,pcr_free,within_week,3,0.0,0
MGI-SYN-0227,2.3,354,2.17,698,10.0,1.02,39,21.9,rna_seq,within_week,3,0.0,0
MGI-SYN-0228,1.3,338,1.36,1075,7.8,4.3,54,19.8,pcr_based,within_week,5,0.0,0
MGI-SYN-0229,1.56,427,0.85,990,7.5,0.84,161,24.7,pcr_based,overdue,1,0.23,0
MGI-SYN-0230,3.13,527,2.0,843,7.0,2.2,289,26.8,pcr_free,today,3,0.15,0
MGI-SYN-0231,1.54,305,1.33,775,4.2,5.97,200,16.2,pcr_free,within_month,5,0.25,0
MGI-SYN-0232,2.48,240,1.92,485,9.4,4.11,276,29.1,pcr_based,within_month,5,0.25,1
MGI-SYN-0233,2.28,343,0.81,657,5.9,2.44,16,18.9,pcr_free,within_week,2,0.08,0
MGI-SYN-0234,1.61,556,1.96,1194,7.9,2.73,173,19.1,pcr_based,within_week,3,0.0,0
MGI-SYN-0235,6.5,286,1.12,620,4.2,4.13,248,18.3,pcr_based,within_week,8,0.15,0
MGI-SYN-0236,3.06,481,1.89,884,4.9,0.1,218,22.0,wes,overdue,5,0.3,0
MGI-SYN-0237,0.81,484,1.61,1031,9.6,0.41,87,18.2,amplicon,within_month,5,0.15,0
MGI-SYN-0238,2.44,306,1.22,624,6.4,10.65,82,18.5,pcr_based,within_month,10,0.1,0
MGI-SYN-0239,1.6,396,1.44,883,9.6,0.41,62,19.9,pcr_free,within_month,3,0.0,0
MGI-SYN-0240,3.41,480,1.87,1019,6.9,6.13,287,22.4,amplicon,within_month,3,0.15,1
MGI-SYN-0241,1.5,320,1.64,852,3.7,12.63,42,22.7,amplicon,within_month,8,0.25,0
MGI-SYN-0242,2.1,334,1.83,1366,8.6,1.58,12,25.7,pcr_free,today,8,0.0,0
MGI-SYN-0243,2.86,303,2.39,550,5.9,2.31,321,25.7,rna_seq,within_week,3,0.15,0
MGI-SYN-0244,3.43,269,0.97,1041,8.3,4.21,234,25.1,pcr_free,within_week,2,0.08,0
MGI-SYN-0245,1.22,298,2.25,819,7.0,10.67,329,21.2,pcr_free,within_month,5,0.25,0
MGI-SYN-0246,1.88,252,1.64,989,4.2,14.23,131,16.5,pcr_free,today,3,0.35,0
MGI-SYN-0247,1.76,353,1.24,929,7.3,6.73,115,16.4,rna_seq,within_month,10,0.1,0
MGI-SYN-0248,1.61,288,1.07,718,10.0,0.45,218,25.1,pcr_based,within_week,2,0.08,0
MGI-SYN-0249,5.38,369,1.52,891,7.9,5.53,137,24.5,wes,overdue,3,0.15,0
MGI-SYN-0250,2.73,226,1.97,516,6.9,2.64,106,20.1,pcr_free,within_week,1,0.08,0
MGI-SYN-0251,1.18,376,1.55,959,8.9,3.18,179,17.7,pcr_based,within_week,5,0.25,1
MGI-SYN-0252,3.52,417,2.2,904,7.4,0.25,16,18.9,pcr_based,overdue,8,0.15,0
MGI-SYN-0253,6.43,191,1.02,965,7.4,1.06,242,22.5,wes,within_week,5,0.15,0
MGI-SYN-0254,3.73,380,1.6,1040,5.0,7.82,334,22.5,pcr_free,overdue,10,0.3,0
MGI-SYN-0255,1.04,448,1.1,916,7.4,3.03,226,25.1,pcr_free,today,2,0.23,0
MGI-SYN-0256,1.75,253,1.75,877,8.9,1.8,242,20.6,pcr_free,within_week,1,0.08,0
MGI-SYN-0257,4.19,484,1.95,691,5.5,2.42,141,21.3,wes,within_month,8,0.0,0
MGI-SYN-0258,1.56,384,1.43,722,9.6,9.63,199,25.4,pcr_based,overdue,8,0.15,0
MGI-SYN-0259,2.78,294,0.56,1064,6.8,6.91,112,15.6,pcr_based,within_week,8,0.1,0
MGI-SYN-0260,3.28,346,1.68,1109,5.4,1.59,127,23.0,pcr_based,overdue,8,0.15,0
MGI-SYN-0261,1.4,395,1.77,807,8.8,0.62,21,21.0,rna_seq,within_month,3,0.0,0
MGI-SYN-0262,2.16,356,1.76,858,6.5,1.45,147,24.1,wes,within_month,2,0.08,0
MGI-SYN-0263,0.44,393,2.09,687,8.4,12.68,89,23.5,amplicon,within_week,10,0.45,0
MGI-SYN-0264,1.33,276,1.17,1061,6.5,4.36,303,19.9,pcr_based,within_week,3,0.15,0
MGI-SYN-0265,1.96,364,1.87,970,6.9,3.81,203,20.5,pcr_free,overdue,3,0.15,0
MGI-SYN-0266,1.19,237,2.08,1199,7.9,4.54,85,15.1,rna_seq,overdue,5,0.4,0
MGI-SYN-0267,5.03,341,0.89,692,7.5,2.28,167,24.2,pcr_based,within_month,3,0.0,0
MGI-SYN-0268,1.09,278,1.73,782,3.4,8.23,72,22.7,pcr_based,today,8,0.3,0
MGI-SYN-0269,1.79,291,1.4,892,5.0,3.7,298,26.2,pcr_based,today,1,0.23,0
MGI-SYN-0270,2.38,449,1.57,966,8.7,0.62,9,20.8,rna_seq,within_month,8,0.0,0
MGI-SYN-0271,4.58,437,1.74,811,6.8,0.69,281,24.7,pcr_based,today,5,0.15,0
MGI-SYN-0272,1.09,399,1.41,693,6.1,3.85,258,18.8,amplicon,within_week,5,0.15,1
MGI-SYN-0273,3.98,263,1.33,1009,4.6,13.79,275,15.0,wes,within_week,3,0.5,1
MGI-SYN-0274,2.24,325,1.61,980,5.1,1.84,238,21.7,pcr_based,within_month,3,0.0,0
MGI-SYN-0275,1.36,447,1.17,685,3.4,10.18,20,20.3,pcr_free,today,3,0.25,0
MGI-SYN-0276,2.8,361,1.17,1094,6.8,7.22,233,18.8,rna_seq,within_month,3,0.0,0
MGI-SYN-0277,2.46,536,1.87,1061,5.9,1.42,221,24.7,rna_seq,within_month,5,0.0,0
MGI-SYN-0278,1.65,381,1.14,874,5.3,0.19,326,25.6,wes,within_month,3,0.15,0
MGI-SYN-0279,2.3,365,1.87,864,6.9,0.54,17,22.3,amplicon,within_week,1,0.08,0
MGI-SYN-0280,1.84,325,1.79,950,7.7,6.52,89,21.5,pcr_based,within_week,2,0.08,0
MGI-SYN-0281,2.36,361,0.91,695,10.0,1.11,196,22.2,rna_seq,within_month,5,0.0,0
MGI-SYN-0282,3.1,338,1.33,855,4.3,2.32,350,20.0,pcr_based,within_month,1,0.38,1
MGI-SYN-0283,4.92,407,2.08,463,9.1,3.48,84,23.7,wes,within_month,8,0.0,0
MGI-SYN-0284,1.2,427,1.21,1008,8.8,6.46,87,17.4,rna_seq,overdue,5,0.25,0
MGI-SYN-0285,6.47,287,1.41,569,5.6,0.6,307,18.8,amplicon,within_month,8,0.15,0
MGI-SYN-0286,0.84,244,1.78,1121,7.4,2.61,338,19.6,wes,within_month,8,0.3,0
MGI-SYN-0287,2.06,203,1.91,791,6.2,3.32,154,23.6,wes,within_week,2,0.23,0
MGI-SYN-0288,2.99,391,1.5,812,7.3,3.89,228,21.1,pcr_free,within_week,8,0.0,0
MGI-SYN-0289,2.56,262,1.36,737,9.7,8.53,264,26.1,amplicon,within_month,5,0.0,0
MGI-SYN-0290,1.63,178,2.17,798,8.1,0.94,223,24.4,pcr_free,within_week,8,0.15,0
MGI-SYN-0291,2.01,381,2.3,1105,7.9,8.25,121,19.6,pcr_based,within_month,8,0.0,0
MGI-SYN-0292,1.74,549,1.99,402,6.2,5.9,173,23.9,pcr_free,within_week,1,0.08,0
MGI-SYN-0293,1.66,350,1.63,1080,4.3,4.06,4,20.8,pcr_based,within_month,3,0.15,0
MGI-SYN-0294,3.4,417,1.28,911,6.6,6.01,342,23.4,wes,within_month,5,0.15,1
MGI-SYN-0295,2.66,357,1.27,633,9.2,2.66,128,24.6,rna_seq,within_month,5,0.0,0
MGI-SYN-0296,1.57,342,1.81,656,4.3,0.74,110,25.3,pcr_based,overdue,3,0.3,0
MGI-SYN-0297,3.49,424,1.77,1152,5.1,5.48,355,22.6,pcr_based,within_week,3,0.15,0
MGI-SYN-0298,2.6,327,2.16,680,7.2,3.72,37,26.8,pcr_based,within_week,3,0.0,0
MGI-SYN-0299,3.34,371,1.86,642,5.2,5.1,71,23.3,rna_seq,within_week,5,0.0,0
MGI-SYN-0300,3.05,376,1.0,1055,5.6,2.06,289,22.4,pcr_based,overdue,10,0.3,1
MGI-SYN-0301,1.47,297,2.02,911,6.2,11.87,31,21.1,amplicon,within_month,8,0.1,0
MGI-SYN-0302,1.68,429,1.2,681,4.5,4.43,268,20.1,rna_seq,within_month,3,0.15,0
MGI-SYN-0303,3.23,336,1.45,889,5.2,0.45,11,23.3,pcr_based,within_week,1,0.08,0
MGI-SYN-0304,3.02,290,1.7,665,8.3,2.99,344,22.3,rna_seq,within_month,2,0.23,0
MGI-SYN-0305,2.2,393,2.4,1048,4.6,7.06,328,22.8,rna_seq,within_week,3,0.3,0
MGI-SYN-0306,2.36,278,2.84,1041,4.1,7.9,32,23.4,rna_seq,within_month,8,0.15,0
MGI-SYN-0307,4.22,352,1.84,946,5.9,3.41,57,22.8,pcr_based,within_month,3,0.0,0
MGI-SYN-0308,1.66,349,1.53,915,8.3,11.26,166,28.0,pcr_based,within_month,5,0.1,0
MGI-SYN-0309,2.93,437,1.81,1167,6.6,1.56,188,20.4,wes,within_month,8,0.0,0
MGI-SYN-0310,2.01,388,1.96,850,6.2,2.64,342,23.3,pcr_based,within_month,10,0.15,0
MGI-SYN-0311,2.0,348,1.47,637,7.1,11.44,19,21.3,amplicon,within_month,2,0.18,0
MGI-SYN-0312,3.86,415,2.32,931,3.9,11.33,116,15.0,pcr_free,within_week,1,0.43,0
MGI-SYN-0313,3.36,461,1.69,1225,7.9,5.79,184,21.4,pcr_free,within_month,3,0.0,0
MGI-SYN-0314,3.34,395,1.8,667,7.7,9.79,270,19.2,pcr_based,within_week,5,0.0,0
MGI-SYN-0315,4.27,351,1.87,785,6.3,0.46,33,21.8,amplicon,today,10,0.0,0
MGI-SYN-0316,2.25,245,1.77,925,8.8,10.01,10,21.9,pcr_based,within_week,1,0.18,0
MGI-SYN-0317,3.13,265,1.94,840,5.0,1.93,80,23.2,amplicon,within_month,1,0.08,0
MGI-SYN-0318,1.91,326,1.35,673,9.0,0.98,192,20.4,pcr_based,within_week,8,0.0,0
MGI-SYN-0319,2.62,301,1.38,1052,7.3,1.37,320,20.8,amplicon,within_month,5,0.15,0
MGI-SYN-0320,2.09,335,1.16,1268,6.4,2.71,190,24.1,amplicon,today,10,0.0,0
MGI-SYN-0321,2.34,355,1.78,885,7.0,1.45,68,19.6,pcr_based,within_week,3,0.0,0
MGI-SYN-0322,3.0,392,1.91,687,6.8,1.93,348,16.5,pcr_based,within_month,3,0.25,0
MGI-SYN-0323,1.48,344,1.78,571,9.2,0.73,125,22.5,pcr_free,within_week,2,0.08,0
MGI-SYN-0324,6.34,389,2.27,896,5.1,1.76,336,25.2,pcr_based,within_month,2,0.23,1
MGI-SYN-0325,1.35,355,1.6,1049,5.6,4.25,59,24.1,amplicon,within_month,5,0.0,0
MGI-SYN-0326,1.21,192,1.87,936,8.9,2.92,97,22.5,pcr_based,overdue,3,0.3,1
MGI-SYN-0327,3.97,275,1.16,850,5.9,2.13,275,25.8,pcr_based,within_month,1,0.23,1
MGI-SYN-0328,3.31,338,1.45,744,8.6,6.86,149,25.2,amplicon,today,8,0.0,0
MGI-SYN-0329,3.04,253,1.88,653,10.0,11.2,278,21.0,pcr_free,within_week,2,0.33,0
MGI-SYN-0330,3.05,398,1.94,1000,6.3,7.07,265,22.7,rna_seq,today,5,0.0,0
MGI-SYN-0331,2.21,472,1.48,1014,8.2,2.02,9,22.9,pcr_free,overdue,3,0.15,0
MGI-SYN-0332,1.42,448,1.57,572,4.9,6.82,283,21.7,rna_seq,today,8,0.3,0
MGI-SYN-0333,2.31,333,0.99,1136,8.4,0.82,273,25.4,pcr_based,within_week,2,0.23,0
MGI-SYN-0334,1.59,469,1.46,953,7.4,0.7,301,21.5,pcr_based,within_week,8,0.15,0
MGI-SYN-0335,3.62,362,1.96,1102,7.9,2.12,8,20.5,pcr_based,within_month,1,0.08,0
MGI-SYN-0336,2.07,323,1.83,608,5.8,8.24,208,15.0,pcr_free,within_week,3,0.1,0
MGI-SYN-0337,1.47,301,1.8,604,4.0,1.41,125,19.6,pcr_based,overdue,5,0.3,0
MGI-SYN-0338,1.9,326,1.62,823,7.9,0.33,123,18.1,pcr_free,today,2,0.08,0
MGI-SYN-0339,2.74,319,1.6,941,3.3,0.71,33,21.9,amplicon,today,3,0.15,0
MGI-SYN-0340,1.68,364,1.34,1173,6.4,9.79,1,18.2,pcr_based,within_week,8,0.0,0
MGI-SYN-0341,1.48,363,1.88,977,8.7,5.02,204,23.8,wes,within_month,8,0.0,0
MGI-SYN-0342,2.51,350,1.77,806,7.3,1.46,6,25.3,pcr_free,overdue,1,0.23,1
MGI-SYN-0343,2.52,385,1.8,665,10.0,4.05,297,21.9,rna_seq,today,2,0.23,0
MGI-SYN-0344,1.73,445,1.39,1071,8.8,3.75,5,19.0,pcr_based,today,2,0.08,0
MGI-SYN-0345,1.76,426,0.74,676,5.8,5.33,80,22.9,pcr_free,within_month,2,0.08,0
MGI-SYN-0346,2.5,231,2.04,1143,7.0,1.33,274,27.7,pcr_based,today,10,0.15,0
MGI-SYN-0347,1.08,146,1.41,799,6.9,9.99,177,26.7,pcr_free,today,5,0.45,0
MGI-SYN-0348,1.1,425,1.25,1136,4.2,1.85,338,17.8,pcr_free,today,3,0.55,1
MGI-SYN-0349,1.55,241,1.88,972,5.3,5.92,321,17.7,pcr_based,today,10,0.25,0
MGI-SYN-0350,2.0,332,1.44,825,6.0,0.1,339,16.9,amplicon,within_week,5,0.25,1
MGI-SYN-0351,2.6,256,2.02,757,3.3,2.33,136,18.6,rna_seq,today,5,0.15,0
MGI-SYN-0352,4.65,206,1.85,789,7.1,2.17,25,22.8,pcr_based,within_week,3,0.15,0
MGI-SYN-0353,3.42,393,1.87,927,6.6,3.92,325,20.3,rna_seq,within_month,3,0.15,0
MGI-SYN-0354,2.05,411,1.05,864,4.0,0.38,183,19.5,rna_seq,within_week,5,0.15,0
MGI-SYN-0355,2.2,304,2.08,743,7.7,7.81,168,25.1,wes,within_month,1,0.08,1
MGI-SYN-0356,1.35,143,1.7,820,8.3,1.23,338,23.6,pcr_based,today,3,0.45,0
MGI-SYN-0357,2.21,306,1.45,864,7.4,5.65,178,16.9,pcr_free,within_month,2,0.18,0
MGI-SYN-0358,1.93,381,1.66,467,6.4,8.13,95,24.9,pcr_free,within_week,1,0.08,0
MGI-SYN-0359,2.62,232,0.89,932,8.1,4.13,33,23.5,amplicon,within_month,5,0.0,0
MGI-SYN-0360,1.47,365,1.76,674,8.2,6.75,111,23.6,pcr_based,today,5,0.0,0
MGI-SYN-0361,2.89,349,1.19,642,7.6,5.42,146,20.3,pcr_free,overdue,3,0.15,1
MGI-SYN-0362,4.79,396,1.06,546,5.5,2.2,231,21.4,pcr_based,within_week,3,0.0,0
MGI-SYN-0363,2.11,360,0.99,527,7.5,8.27,272,16.1,pcr_free,within_week,5,0.25,0
MGI-SYN-0364,2.72,272,2.05,606,9.2,1.75,336,24.6,amplicon,overdue,2,0.38,1
MGI-SYN-0365,3.14,446,1.35,722,5.9,4.23,38,19.0,pcr_free,within_month,5,0.0,0
MGI-SYN-0366,1.82,337,2.21,1202,10.0,6.84,135,19.4,amplicon,within_week,8,0.0,0
MGI-SYN-0367,2.49,348,1.39,755,6.1,2.38,334,19.3,wes,overdue,2,0.38,0
MGI-SYN-0368,2.24,275,0.92,882,7.1,1.8,235,27.4,pcr_free,within_week,8,0.0,0
MGI-SYN-0369,2.34,315,1.15,922,5.8,3.07,319,20.0,pcr_based,today,8,0.15,0
MGI-SYN-0370,1.51,279,2.09,874,7.4,8.52,345,24.8,wes,overdue,1,0.38,1
MGI-SYN-0371,2.25,336,1.54,836,3.9,13.29,160,21.9,pcr_based,within_week,1,0.33,1
MGI-SYN-0372,2.85,487,1.38,635,6.0,3.94,38,19.5,pcr_free,overdue,10,0.15,0
MGI-SYN-0373,4.6,240,1.66,1111,5.0,5.42,150,19.0,pcr_based,within_week,2,0.08,0
MGI-SYN-0374,3.6,221,1.8,1175,7.2,11.68,308,20.1,amplicon,within_month,8,0.25,1
MGI-SYN-0375,6.53,468,2.05,547,8.8,0.52,29,21.8,amplicon,within_month,5,0.0,0
MGI-SYN-0376,1.52,333,2.18,666,8.2,1.32,144,23.8,pcr_free,overdue,3,0.15,0
MGI-SYN-0377,3.44,296,1.46,800,2.7,6.17,76,20.6,pcr_based,within_month,2,0.38,1
MGI-SYN-0378,2.44,433,1.07,676,10.0,8.68,145,20.5,pcr_based,today,3,0.0,0
MGI-SYN-0379,6.65,302,1.43,941,7.5,9.73,229,19.4,wes,within_month,3,0.0,0
MGI-SYN-0380,1.49,496,1.7,719,5.6,2.68,64,18.4,pcr_based,today,5,0.0,0
MGI-SYN-0381,1.46,404,1.21,1240,7.3,0.47,347,18.2,wes,within_month,10,0.15,0
MGI-SYN-0382,1.65,311,1.22,1064,7.3,2.88,345,25.0,pcr_based,overdue,8,0.3,0
MGI-SYN-0383,0.77,523,1.74,888,5.8,1.31,269,20.4,amplicon,within_month,3,0.35,0
MGI-SYN-0384,1.71,302,1.58,1035,7.4,1.72,328,20.7,pcr_based,within_month,8,0.15,0
MGI-SYN-0385,1.52,409,1.61,1049,5.9,7.4,184,20.0,amplicon,today,8,0.0,0
MGI-SYN-0386,2.4,374,1.3,748,6.3,0.39,261,21.0,pcr_based,within_month,10,0.0,0
MGI-SYN-0387,2.64,454,1.51,703,5.8,8.79,268,23.1,wes,within_week,3,0.0,0
MGI-SYN-0388,5.69,475,1.23,864,4.4,2.79,169,20.5,pcr_based,within_month,8,0.15,1
MGI-SYN-0389,3.58,353,1.96,1005,7.3,4.53,259,22.5,pcr_based,today,5,0.0,0
MGI-SYN-0390,1.67,290,2.01,875,8.1,0.47,227,26.3,pcr_based,within_month,3,0.0,0
MGI-SYN-0391,1.42,387,0.86,566,7.9,2.06,33,19.5,wes,today,10,0.0,0
MGI-SYN-0392,2.85,296,1.23,705,8.5,0.47,214,20.7,amplicon,within_month,1,0.08,0
MGI-SYN-0393,1.15,511,1.0,837,7.6,16.29,50,23.9,pcr_based,today,2,0.33,0
MGI-SYN-0394,5.56,361,1.34,836,6.0,8.23,210,26.5,amplicon,within_month,8,0.0,0
MGI-SYN-0395,4.01,321,1.57,1205,8.5,3.08,29,18.3,amplicon,within_week,1,0.08,0
MGI-SYN-0396,1.76,365,1.02,601,4.6,1.27,39,16.9,rna_seq,within_month,8,0.25,1
MGI-SYN-0397,0.95,242,1.23,941,5.4,13.55,347,22.0,wes,within_week,5,0.4,1
MGI-SYN-0398,4.38,272,1.2,1118,5.3,2.11,100,21.7,amplicon,within_month,1,0.08,0
MGI-SYN-0399,2.1,446,1.68,1259,8.9,0.88,173,24.1,pcr_based,within_week,3,0.0,0
MGI-SYN-0400,4.13,297,1.63,777,8.7,4.14,17,23.6,wes,within_month,8,0.0,0
MGI-SYN-0401,1.0,266,1.31,938,7.9,14.39,56,21.9,amplicon,within_week,5,0.25,0
MGI-SYN-0402,1.65,393,1.67,953,8.9,0.1,226,25.1,rna_seq,within_month,10,0.0,0
MGI-SYN-0403,2.23,445,1.38,885,5.4,1.36,46,20.0,pcr_free,today,8,0.0,0
MGI-SYN-0404,2.28,408,1.49,832,7.6,13.94,67,22.6,pcr_free,within_week,3,0.1,0
MGI-SYN-0405,1.78,430,2.27,928,6.8,0.94,197,18.4,pcr_free,within_month,1,0.08,0
MGI-SYN-0406,3.04,289,2.14,394,8.5,0.6,142,21.9,amplicon,today,10,0.2,0
MGI-SYN-0407,1.3,236,1.08,973,6.8,4.22,323,17.6,rna_seq,within_week,5,0.25,0
MGI-SYN-0408,2.07,470,1.93,873,6.3,9.9,23,18.7,pcr_free,overdue,1,0.23,0
MGI-SYN-0409,2.36,324,1.92,810,8.0,3.24,94,27.1,amplicon,overdue,8,0.15,0
MGI-SYN-0410,2.88,330,1.14,1218,8.6,26.07,242,16.5,amplicon,within_month,8,0.3,0
MGI-SYN-0411,3.18,456,1.93,729,5.8,5.68,237,21.4,amplicon,within_week,5,0.0,0
MGI-SYN-0412,1.27,394,2.22,777,6.9,0.38,54,24.5,pcr_based,within_week,3,0.0,0
MGI-SYN-0413,1.03,386,1.15,1208,5.1,24.69,138,28.7,wes,within_month,5,0.45,0
MGI-SYN-0414,4.22,523,1.23,700,2.5,2.62,333,22.5,pcr_free,today,5,0.45,1
MGI-SYN-0415,2.63,299,2.01,751,7.4,1.69,272,22.7,wes,overdue,8,0.3,0
MGI-SYN-0416,1.53,424,1.71,824,8.1,4.08,41,22.1,pcr_based,within_week,10,0.0,0
MGI-SYN-0417,4.83,355,1.82,1001,7.5,1.81,98,25.2,pcr_based,overdue,5,0.15,0
MGI-SYN-0418,2.36,371,1.74,887,3.5,0.45,183,23.3,wes,within_month,8,0.15,0
MGI-SYN-0419,4.01,472,1.76,617,6.4,0.1,128,20.3,pcr_based,within_month,10,0.0,0
MGI-SYN-0420,2.3,391,1.07,754,3.0,2.99,229,25.3,pcr_free,today,2,0.23,0
MGI-SYN-0421,6.24,393,2.02,741,9.5,9.07,317,20.6,amplicon,overdue,1,0.38,1
MGI-SYN-0422,5.35,436,2.07,836,5.0,4.25,86,17.2,pcr_based,within_week,8,0.1,0
MGI-SYN-0423,1.97,321,1.51,927,9.3,35.0,256,17.2,pcr_based,within_month,2,0.38,1
MGI-SYN-0424,3.62,283,1.58,925,8.7,1.69,209,21.4,pcr_based,within_month,1,0.08,0
MGI-SYN-0425,3.07,266,0.99,530,5.4,1.65,215,22.3,pcr_free,within_week,2,0.08,0
MGI-SYN-0426,4.41,193,1.81,1042,5.0,0.87,100,24.9,pcr_based,within_week,3,0.15,0
MGI-SYN-0427,1.37,514,1.83,895,7.6,0.9,49,23.9,pcr_free,within_month,2,0.08,0
MGI-SYN-0428,3.14,262,1.58,1099,5.5,1.68,201,22.2,rna_seq,within_week,3,0.0,0
MGI-SYN-0429,3.78,332,2.05,930,7.2,7.87,258,25.0,pcr_free,within_month,10,0.0,0
MGI-SYN-0430,0.92,328,1.47,1048,6.1,11.81,178,22.0,pcr_based,within_week,5,0.25,1
MGI-SYN-0431,1.23,375,1.83,934,3.8,18.46,245,18.1,pcr_free,within_week,5,0.25,1
MGI-SYN-0432,0.8,415,1.19,1092,3.0,1.32,123,17.5,pcr_free,within_month,1,0.48,1
MGI-SYN-0433,1.95,419,1.59,944,7.4,10.66,342,25.8,amplicon,within_month,5,0.25,0
MGI-SYN-0434,3.19,303,1.53,832,6.0,1.99,171,15.3,amplicon,within_week,5,0.1,0
MGI-SYN-0435,4.72,337,1.69,1259,6.0,0.6,333,21.4,pcr_free,overdue,5,0.3,0
MGI-SYN-0436,2.31,373,1.45,1010,8.3,10.2,136,30.9,pcr_free,overdue,2,0.43,0
MGI-SYN-0437,5.02,330,1.55,953,9.1,5.05,59,23.4,pcr_free,within_month,3,0.0,0
MGI-SYN-0438,1.12,479,1.93,620,6.5,0.9,193,21.4,wes,within_week,8,0.15,0
MGI-SYN-0439,0.95,389,1.43,618,6.4,2.81,268,16.9,amplicon,within_week,5,0.25,1
MGI-SYN-0440,2.16,409,0.96,903,7.9,1.69,260,26.9,pcr_free,within_month,5,0.0,0
MGI-SYN-0441,2.7,403,2.3,876,4.6,6.67,95,25.6,pcr_based,within_month,5,0.15,0
MGI-SYN-0442,2.19,444,2.15,739,7.4,3.02,125,24.1,amplicon,within_week,3,0.0,0
MGI-SYN-0443,0.79,364,1.08,875,8.0,22.68,41,22.0,wes,within_month,8,0.55,0
MGI-SYN-0444,2.13,246,1.88,1136,8.2,0.28,254,23.7,rna_seq,within_week,1,0.08,0
MGI-SYN-0445,1.16,382,1.4,975,3.5,2.19,7,21.6,pcr_based,today,5,0.3,0
MGI-SYN-0446,3.11,298,1.71,645,5.6,3.29,216,19.1,pcr_free,within_month,10,0.0,0
MGI-SYN-0447,2.67,308,1.72,830,5.4,3.5,69,24.9,pcr_free,within_month,8,0.0,0
MGI-SYN-0448,1.39,397,1.51,705,7.2,1.9,69,21.8,wes,within_week,3,0.0,0
MGI-SYN-0449,1.72,449,1.29,780,7.9,6.53,81,23.6,rna_seq,within_month,3,0.0,0
MGI-SYN-0450,1.31,352,1.32,776,9.7,10.39,30,21.6,pcr_based,overdue,5,0.25,0
MGI-SYN-0451,2.16,375,1.23,764,6.1,13.96,73,23.4,pcr_based,within_month,8,0.1,0
MGI-SYN-0452,3.59,486,1.27,624,6.1,8.18,262,22.0,pcr_based,within_month,5,0.0,0
MGI-SYN-0453,1.36,369,1.57,827,9.1,9.5,89,21.7,pcr_based,today,5,0.0,0
MGI-SYN-0454,2.86,558,1.31,749,7.5,4.0,208,22.1,pcr_based,within_week,2,0.08,0
MGI-SYN-0455,1.71,395,1.87,323,9.3,8.74,213,30.9,amplicon,within_week,5,0.3,1
MGI-SYN-0456,1.5,209,2.19,1220,7.5,1.81,322,24.4,pcr_free,within_month,5,0.3,0
MGI-SYN-0457,2.11,410,1.37,1046,4.9,2.54,266,29.8,pcr_based,within_month,10,0.25,0
MGI-SYN-0458,1.33,380,1.7,782,4.6,1.91,293,22.0,amplicon,within_week,3,0.3,0
MGI-SYN-0459,1.69,453,1.8,853,4.2,3.15,207,21.1,pcr_free,within_week,8,0.15,1
MGI-SYN-0460,1.22,404,1.79,639,8.2,1.68,333,18.8,pcr_free,within_week,3,0.15,0
MGI-SYN-0461,5.94,339,1.63,1155,9.1,16.3,77,26.8,pcr_based,within_week,5,0.1,0
MGI-SYN-0462,2.27,252,1.9,1192,10.0,1.88,288,19.3,wes,overdue,8,0.3,0
MGI-SYN-0463,1.57,333,1.79,878,8.5,0.52,47,27.4,wes,within_month,2,0.08,0
MGI-SYN-0464,2.48,282,1.1,1034,9.1,3.74,110,19.0,pcr_free,within_week,3,0.0,0
MGI-SYN-0465,2.1,304,1.95,882,6.0,0.29,200,24.7,pcr_based,within_month,8,0.0,0
MGI-SYN-0466,1.99,397,1.95,609,4.9,0.59,210,17.2,pcr_based,within_month,5,0.25,1
MGI-SYN-0467,3.03,484,1.29,776,8.5,1.24,154,20.7,amplicon,within_month,1,0.08,0
MGI-SYN-0468,3.25,382,1.62,874,7.8,3.12,10,22.1,amplicon,today,3,0.0,0
MGI-SYN-0469,1.71,254,1.87,768,7.2,2.84,353,20.2,wes,within_week,5,0.15,0
MGI-SYN-0470,1.67,386,1.52,811,7.7,8.04,157,21.5,pcr_based,today,10,0.0,0
MGI-SYN-0471,1.94,446,2.03,834,7.6,6.73,261,21.5,rna_seq,within_month,2,0.08,0
MGI-SYN-0472,0.7,301,2.55,835,9.3,2.78,77,24.4,rna_seq,within_month,8,0.35,0
MGI-SYN-0473,1.04,339,1.29,859,9.3,2.03,257,15.7,wes,within_month,2,0.33,1
MGI-SYN-0474,4.41,351,1.05,659,8.0,1.9,131,20.3,amplicon,within_week,2,0.08,0
MGI-SYN-0475,5.07,287,1.72,721,8.5,7.44,67,25.8,pcr_based,within_week,2,0.08,0
MGI-SYN-0476,1.96,402,1.89,619,7.9,0.27,228,23.7,pcr_based,today,8,0.0,0
MGI-SYN-0477,2.97,340,1.51,1026,6.2,0.1,163,25.8,pcr_free,overdue,2,0.23,1
MGI-SYN-0478,2.6,384,2.18,471,8.4,7.94,15,24.3,pcr_free,within_week,8,0.0,0
MGI-SYN-0479,10.38,279,1.06,1058,4.5,3.24,232,18.7,amplicon,today,3,0.35,1
MGI-SYN-0480,3.9,315,1.88,1100,8.9,0.7,195,24.0,amplicon,overdue,10,0.15,0
MGI-SYN-0481,2.09,408,1.36,796,4.8,1.34,349,22.3,rna_seq,within_month,8,0.3,0
MGI-SYN-0482,1.38,320,2.29,381,7.5,13.48,30,28.8,pcr_free,within_month,5,0.4,0
MGI-SYN-0483,1.0,488,2.4,785,5.5,9.81,359,24.4,pcr_free,today,8,0.3,1
MGI-SYN-0484,2.46,318,1.29,838,8.0,6.19,338,23.6,wes,within_month,5,0.15,0
MGI-SYN-0485,1.52,368,1.38,668,6.9,3.29,331,24.0,pcr_based,within_week,8,0.15,0
MGI-SYN-0486,1.09,425,1.94,757,4.1,3.67,316,23.4,pcr_free,within_month,3,0.45,0
MGI-SYN-0487,1.61,237,1.45,1125,7.8,18.49,296,23.3,rna_seq,today,1,0.33,0
MGI-SYN-0488,1.3,209,1.58,970,6.0,16.87,330,21.2,wes,within_week,5,0.4,1
MGI-SYN-0489,5.17,228,1.61,684,8.6,1.21,220,23.6,pcr_based,within_month,3,0.0,0
MGI-SYN-0490,3.46,451,0.83,562,7.0,8.33,147,24.8,wes,within_month,3,0.0,0
MGI-SYN-0491,2.22,306,1.59,791,7.7,1.1,259,25.2,amplicon,within_month,5,0.0,0
MGI-SYN-0492,4.66,555,1.32,812,5.3,1.2,292,24.8,wes,today,3,0.15,0
MGI-SYN-0493,2.31,305,1.4,939,5.9,5.64,299,26.5,wes,today,5,0.15,0
MGI-SYN-0494,1.45,365,2.18,754,6.2,2.6,143,25.4,pcr_free,within_month,1,0.08,0
MGI-SYN-0495,4.77,473,1.1,942,8.5,13.41,235,23.9,amplicon,within_month,10,0.1,0
MGI-SYN-0496,2.91,510,1.93,1198,10.0,0.47,115,18.6,pcr_free,overdue,10,0.15,0
MGI-SYN-0497,1.32,515,1.49,997,5.6,3.58,90,18.6,pcr_free,within_month,10,0.0,0
MGI-SYN-0498,2.02,447,1.49,841,8.9,12.54,208,21.3,rna_seq,within_month,3,0.1,0
MGI-SYN-0499,1.44,432,1.92,817,3.1,11.72,164,22.1,pcr_based,overdue,5,0.4,0
MGI-SYN-0500,1.11,397,1.74,786,4.9,0.85,84,26.2,amplicon,today,10,0.3,1
MGI-SYN-0501,3.54,412,1.83,1063,5.3,2.28,77,15.0,wes,within_week,10,0.1,0
MGI-SYN-0502,5.78,306,1.99,737,4.6,4.83,161,18.9,rna_seq,within_week,8,0.15,0
MGI-SYN-0503,1.11,285,1.47,858,4.1,0.87,5,21.4,wes,today,3,0.3,0
MGI-SYN-0504,2.95,350,1.36,859,7.7,17.21,78,19.0,pcr_based,within_month,5,0.1,0
MGI-SYN-0505,1.61,336,1.17,760,6.6,12.31,91,19.6,pcr_based,within_month,8,0.1,0
MGI-SYN-0506,1.74,314,1.27,603,7.7,0.91,87,20.5,pcr_free,within_month,3,0.0,0
MGI-SYN-0507,1.66,406,2.78,908,8.2,0.65,270,19.2,pcr_based,within_week,5,0.0,0
MGI-SYN-0508,1.44,426,2.1,839,7.5,0.45,104,19.7,pcr_based,within_month,8,0.0,0
MGI-SYN-0509,2.28,357,1.06,940,8.2,12.01,339,26.1,amplicon,today,5,0.25,0
MGI-SYN-0510,1.47,468,1.07,754,6.9,1.08,175,23.8,amplicon,within_month,3,0.0,0
MGI-SYN-0511,2.55,259,1.79,1070,4.9,2.69,54,24.3,rna_seq,within_week,5,0.15,1
MGI-SYN-0512,2.17,335,1.82,692,8.9,2.98,211,21.9,amplicon,within_month,10,0.0,0
MGI-SYN-0513,1.97,293,1.82,1158,5.9,4.57,95,25.0,amplicon,within_week,5,0.0,0
MGI-SYN-0514,1.41,201,1.5,535,5.3,0.37,223,24.5,pcr_based,within_week,8,0.15,0
MGI-SYN-0515,1.67,343,1.55,928,6.7,1.29,9,23.8,pcr_free,within_month,5,0.0,0
MGI-SYN-0516,3.25,340,1.73,936,5.4,13.4,53,20.0,pcr_based,within_month,5,0.1,0
MGI-SYN-0517,2.86,471,1.63,707,6.2,11.95,77,20.7,wes,within_month,5,0.1,0
MGI-SYN-0518,1.37,400,0.71,926,7.6,7.6,206,25.2,pcr_free,within_month,3,0.0,0
MGI-SYN-0519,2.34,268,1.51,1080,7.6,0.1,316,20.4,amplicon,overdue,3,0.3,0
MGI-SYN-0520,3.24,498,1.26,451,5.4,1.98,302,18.1,amplicon,overdue,3,0.3,1
MGI-SYN-0521,0.97,448,1.67,940,6.1,4.94,310,20.4,pcr_free,within_month,1,0.38,0
MGI-SYN-0522,2.92,397,2.79,401,8.9,1.61,330,26.7,pcr_based,within_month,2,0.23,0
MGI-SYN-0523,1.6,332,1.75,676,7.9,12.02,112,20.4,pcr_based,within_week,2,0.18,0
MGI-SYN-0524,2.96,273,1.47,1143,10.0,5.02,351,23.0,pcr_based,within_month,8,0.15,0
MGI-SYN-0525,1.52,320,1.97,745,9.1,0.37,165,20.2,wes,within_week,3,0.0,0
MGI-SYN-0526,0.9,437,1.79,639,9.1,11.98,279,24.3,amplicon,overdue,2,0.63,1
MGI-SYN-0527,0.99,501,1.77,814,4.5,15.82,27,23.6,amplicon,today,2,0.48,1
MGI-SYN-0528,2.28,473,1.84,1222,8.4,0.4,70,17.5,wes,within_week,5,0.1,0
MGI-SYN-0529,2.53,311,2.42,520,6.9,3.8,218,22.8,amplicon,within_month,1,0.08,0
MGI-SYN-0530,1.42,260,1.15,661,6.0,1.81,189,17.0,rna_seq,within_week,3,0.1,0
MGI-SYN-0531,3.06,361,1.79,1120,7.3,2.49,333,20.3,pcr_free,within_week,2,0.23,0
MGI-SYN-0532,0.97,209,1.23,1184,8.7,0.99,306,22.0,amplicon,within_month,8,0.45,1
MGI-SYN-0533,2.15,376,1.82,831,7.9,4.31,124,27.5,pcr_based,within_month,10,0.0,0
MGI-SYN-0534,1.21,338,1.23,627,5.4,15.85,19,23.0,pcr_based,within_month,10,0.1,1
MGI-SYN-0535,1.61,313,1.43,1227,8.3,3.5,257,19.7,pcr_free,within_week,3,0.0,0
MGI-SYN-0536,2.28,222,1.48,1137,5.9,0.43,296,21.0,amplicon,within_month,5,0.15,1
MGI-SYN-0537,1.45,391,1.99,972,7.4,4.84,22,24.8,pcr_free,within_week,5,0.0,0
MGI-SYN-0538,1.84,307,1.97,704,6.5,2.08,40,19.7,pcr_free,within_week,3,0.0,0
MGI-SYN-0539,3.68,256,1.1,841,6.6,9.69,38,25.3,rna_seq,within_month,3,0.0,0
MGI-SYN-0540,1.67,120,1.62,821,8.4,2.85,48,20.4,wes,within_month,1,0.38,0
MGI-SYN-0541,3.38,348,1.32,910,5.1,1.07,183,19.3,amplicon,within_month,8,0.0,0
MGI-SYN-0542,1.27,492,1.1,1111,10.0,1.06,75,20.5,wes,within_month,2,0.08,0
MGI-SYN-0543,2.9,483,1.51,1008,3.7,7.32,209,17.2,rna_seq,within_week,3,0.25,0
MGI-SYN-0544,4.58,313,1.48,656,5.9,1.54,183,15.5,amplicon,within_month,3,0.1,0
MGI-SYN-0545,0.65,302,2.57,1098,7.7,7.29,107,21.8,pcr_free,today,5,0.35,0
MGI-SYN-0546,1.49,388,1.77,906,8.1,1.15,188,21.8,wes,overdue,8,0.15,0
MGI-SYN-0547,2.97,270,1.05,974,6.8,1.94,264,22.8,amplicon,within_month,5,0.0,0
MGI-SYN-0548,2.01,374,1.37,1114,6.9,3.13,86,21.7,pcr_based,within_month,5,0.0,0
MGI-SYN-0549,2.68,411,2.01,650,7.7,14.34,324,29.0,pcr_based,within_month,5,0.35,0
MGI-SYN-0550,1.65,448,2.44,844,6.6,13.42,331,22.5,pcr_based,within_month,1,0.33,1
MGI-SYN-0551,2.32,342,0.97,754,9.5,1.16,137,17.9,rna_seq,within_month,3,0.1,0
MGI-SYN-0552,2.06,334,0.85,568,8.5,2.22,346,18.6,pcr_based,within_week,10,0.15,0
MGI-SYN-0553,3.99,280,2.35,912,8.6,0.81,336,22.0,rna_seq,within_week,10,0.15,0
MGI-SYN-0554,2.53,284,1.76,1302,5.3,3.57,95,20.7,rna_seq,within_month,5,0.0,0
MGI-SYN-0555,2.63,332,1.25,519,6.9,3.09,326,18.3,amplicon,overdue,2,0.38,0
MGI-SYN-0556,1.81,379,1.81,844,6.5,11.55,245,21.8,amplicon,within_week,2,0.18,0
MGI-SYN-0557,1.74,423,0.55,965,5.2,13.3,90,21.9,pcr_based,within_week,3,0.1,0
MGI-SYN-0558,1.79,286,1.6,872,7.6,2.42,59,26.8,pcr_free,within_week,8,0.0,0
MGI-SYN-0559,2.71,469,1.73,830,6.0,3.38,28,19.3,pcr_free,within_month,5,0.0,0
MGI-SYN-0560,1.8,328,1.97,616,8.2,11.33,72,20.7,wes,within_week,8,0.1,0
MGI-SYN-0561,2.57,348,1.19,892,5.1,8.22,270,26.8,pcr_based,within_week,5,0.0,0
MGI-SYN-0562,6.28,290,1.63,714,10.0,0.1,24,23.0,pcr_free,within_month,2,0.08,0
MGI-SYN-0563,3.44,156,1.23,456,5.4,1.93,112,19.2,pcr_based,within_month,2,0.23,0
MGI-SYN-0564,1.89,421,1.7,1065,7.4,2.74,300,19.9,rna_seq,today,1,0.23,0
MGI-SYN-0565,4.06,409,1.24,1023,8.4,1.3,56,18.4,pcr_based,today,5,0.0,0
MGI-SYN-0566,1.81,327,1.44,859,6.0,1.11,223,22.2,rna_seq,within_month,2,0.08,0
MGI-SYN-0567,0.8,355,1.2,891,8.5,0.19,120,25.1,pcr_based,within_month,5,0.15,0
MGI-SYN-0568,1.34,391,1.86,1043,4.8,5.16,179,26.9,pcr_based,overdue,5,0.3,0
MGI-SYN-0569,0.87,225,1.94,890,9.6,1.52,288,17.5,pcr_free,within_month,3,0.4,0
MGI-SYN-0570,1.87,308,1.51,1013,7.0,0.27,281,24.6,pcr_based,today,2,0.23,0
MGI-SYN-0571,2.25,414,1.62,796,5.9,1.31,189,22.5,amplicon,within_month,2,0.08,0
MGI-SYN-0572,5.15,250,1.02,1086,6.5,8.1,66,21.2,pcr_free,within_week,5,0.0,0
MGI-SYN-0573,2.62,373,1.48,908,8.5,9.54,298,20.7,amplicon,today,3,0.15,0
MGI-SYN-0574,1.99,241,1.58,885,5.9,3.3,249,16.2,amplicon,overdue,3,0.25,1
MGI-SYN-0575,3.37,387,2.65,621,5.7,2.69,76,23.9,amplicon,within_month,8,0.0,0
MGI-SYN-0576,0.74,347,1.16,902,6.6,19.05,137,18.0,wes,within_week,5,0.45,1
MGI-SYN-0577,2.5,221,2.19,700,4.9,1.12,164,19.8,pcr_based,within_week,5,0.15,0
MGI-SYN-0578,3.27,443,2.0,735,10.0,1.21,233,23.3,amplicon,today,5,0.0,0
MGI-SYN-0579,1.06,291,1.71,703,6.0,1.73,255,16.6,rna_seq,within_week,8,0.25,0
MGI-SYN-0580,3.94,285,2.3,658,8.5,0.95,294,18.0,wes,within_month,5,0.15,0
MGI-SYN-0581,2.64,366,1.75,1232,7.4,2.39,170,25.7,rna_seq,within_week,3,0.0,0
MGI-SYN-0582,1.81,442,1.76,1090,5.2,12.09,317,22.4,pcr_based,overdue,3,0.4,1
MGI-SYN-0583,3.05,269,1.58,1196,7.0,4.78,174,20.0,wes,today,8,0.0,0
MGI-SYN-0584,6.93,355,2.09,630,8.4,2.65,345,22.4,amplicon,within_month,5,0.15,0
MGI-SYN-0585,2.44,384,2.04,863,6.7,13.62,18,24.0,pcr_free,overdue,5,0.25,1
MGI-SYN-0586,2.52,405,1.35,617,9.1,0.25,70,25.4,wes,within_month,8,0.0,0
MGI-SYN-0587,1.77,364,1.07,725,8.8,1.18,338,18.7,amplicon,today,10,0.15,0
MGI-SYN-0588,1.46,321,1.52,685,8.7,4.17,116,18.9,pcr_free,within_week,3,0.0,0
MGI-SYN-0589,3.37,284,1.28,1073,6.2,4.78,80,23.8,pcr_free,within_week,2,0.08,0
MGI-SYN-0590,1.45,357,1.57,779,5.1,0.2,15,23.9,wes,overdue,3,0.15,0
MGI-SYN-0591,2.31,264,2.09,1042,5.9,2.58,176,18.0,pcr_free,overdue,8,0.15,0
MGI-SYN-0592,1.75,116,1.42,959,7.4,5.24,269,19.0,pcr_free,overdue,3,0.45,1
MGI-SYN-0593,2.83,385,1.58,1265,8.0,5.99,119,21.4,pcr_based,within_month,2,0.08,0
MGI-SYN-0594,2.63,422,1.62,584,3.1,5.08,299,22.1,pcr_free,within_week,1,0.38,0
MGI-SYN-0595,3.74,161,1.94,1077,7.0,1.93,188,22.2,rna_seq,overdue,3,0.3,0
MGI-SYN-0596,1.72,269,0.7,1056,7.3,0.49,57,17.9,pcr_based,overdue,2,0.33,1
MGI-SYN-0597,1.94,400,1.36,675,6.5,2.79,199,22.1,amplicon,within_week,2,0.08,0
MGI-SYN-0598,1.36,515,1.68,1031,9.3,0.69,17,19.8,rna_seq,within_week,5,0.0,0
MGI-SYN-0599,1.78,352,2.08,911,7.8,14.75,288,18.5,pcr_based,within_month,1,0.33,1
MGI-SYN-0600,2.69,292,1.4,809,9.4,3.22,55,22.0,pcr_based,within_week,2,0.08,0
MGI-SYN-0601,3.25,335,0.85,702,6.6,1.91,269,21.7,wes,today,8,0.0,0
MGI-SYN-0602,1.4,460,1.85,721,8.7,7.27,303,24.4,pcr_based,overdue,8,0.3,1
MGI-SYN-0603,3.44,298,1.35,1219,9.9,3.45,87,19.4,pcr_based,overdue,3,0.15,1
MGI-SYN-0604,4.38,286,1.12,850,9.4,1.86,318,22.7,amplicon,within_week,1,0.23,0
MGI-SYN-0605,2.74,311,1.35,991,5.0,8.36,29,17.3,wes,within_week,5,0.1,0
MGI-SYN-0606,5.69,274,1.53,708,6.5,10.09,22,21.2,wes,within_month,3,0.1,0
MGI-SYN-0607,1.51,360,1.36,710,6.4,5.59,321,23.4,rna_seq,within_month,1,0.23,0
MGI-SYN-0608,1.19,480,0.72,1045,7.9,0.24,285,23.6,wes,within_week,2,0.38,0
MGI-SYN-0609,0.91,376,1.96,607,8.2,4.18,48,23.7,wes,within_month,2,0.23,1
MGI-SYN-0610,4.7,330,2.11,775,5.5,7.2,5,24.4,wes,overdue,5,0.15,0
MGI-SYN-0611,3.09,327,1.86,856,7.1,0.73,250,20.7,pcr_free,overdue,8,0.15,0
MGI-SYN-0612,2.16,225,1.14,870,3.4,1.3,163,23.5,pcr_based,within_week,8,0.15,1
MGI-SYN-0613,2.56,421,1.52,818,9.6,10.71,202,27.6,amplicon,within_week,5,0.1,0
MGI-SYN-0614,1.27,344,1.6,921,6.1,0.1,101,20.6,amplicon,overdue,3,0.15,0
MGI-SYN-0615,7.56,336,1.84,975,7.1,6.99,71,26.1,pcr_free,today,5,0.0,0
MGI-SYN-0616,2.37,605,1.87,982,6.4,3.21,163,24.6,pcr_based,within_month,3,0.0,0
MGI-SYN-0617,2.35,374,1.31,673,9.1,2.96,173,21.2,pcr_based,today,2,0.08,0
MGI-SYN-0618,3.2,290,1.63,799,1.9,0.1,141,21.5,amplicon,within_week,5,0.3,1
MGI-SYN-0619,2.83,316,1.78,1065,7.0,8.56,138,22.4,wes,within_week,8,0.0,0
MGI-SYN-0620,2.49,442,2.18,1011,6.8,2.23,66,24.5,rna_seq,within_week,3,0.0,0
MGI-SYN-0621,1.5,359,1.88,603,6.2,3.89,198,23.2,wes,overdue,8,0.15,0
MGI-SYN-0622,2.82,235,1.92,913,10.0,5.66,328,20.6,wes,today,3,0.15,0
MGI-SYN-0623,5.7,424,1.63,494,5.4,6.06,228,15.8,pcr_based,overdue,3,0.25,1
MGI-SYN-0624,4.36,297,2.16,858,8.4,15.62,281,24.0,pcr_based,overdue,1,0.48,0
MGI-SYN-0625,4.94,500,1.76,1192,7.6,3.79,172,16.2,pcr_based,within_week,5,0.1,1
MGI-SYN-0626,1.72,436,1.26,679,9.3,2.55,316,17.9,amplicon,within_month,8,0.25,0
MGI-SYN-0627,1.36,314,2.16,700,5.8,15.36,40,20.8,pcr_free,within_week,5,0.1,0
MGI-SYN-0628,2.09,452,1.88,988,5.7,5.14,7,18.4,amplicon,within_month,2,0.08,0
MGI-SYN-0629,2.29,355,1.42,572,9.0,1.77,174,23.0,amplicon,within_month,2,0.08,1
MGI-SYN-0630,3.85,418,1.41,736,7.8,0.68,151,21.1,pcr_based,within_week,5,0.0,0
MGI-SYN-0631,0.95,389,1.72,957,4.2,9.24,211,24.4,rna_seq,within_week,3,0.3,0
MGI-SYN-0632,4.78,282,1.79,736,6.0,2.25,302,17.2,amplicon,within_month,3,0.25,1
MGI-SYN-0633,2.06,299,1.68,808,7.7,5.4,86,20.0,pcr_free,overdue,10,0.15,0
MGI-SYN-0634,1.8,432,1.72,984,8.5,3.18,253,22.0,pcr_based,today,5,0.0,0
MGI-SYN-0635,1.34,323,2.28,926,5.8,1.11,21,22.1,amplicon,within_month,3,0.0,0
MGI-SYN-0636,0.97,318,2.03,898,1.8,4.6,257,24.1,pcr_based,within_week,1,0.53,1
MGI-SYN-0637,3.36,274,1.68,789,7.9,0.31,33,19.3,pcr_free,within_month,1,0.08,0
MGI-SYN-0638,2.31,384,1.98,917,4.8,2.67,260,20.6,amplicon,today,5,0.15,0
MGI-SYN-0639,1.17,515,1.19,828,3.4,3.96,234,23.5,rna_seq,within_month,8,0.3,0
MGI-SYN-0640,1.16,265,1.76,932,1.9,2.86,3,15.4,pcr_based,within_week,5,0.55,1
MGI-SYN-0641,1.88,352,2.32,761,8.5,6.9,347,23.2,rna_seq,within_month,3,0.15,0
MGI-SYN-0642,5.13,463,1.51,817,7.2,8.8,308,24.3,wes,within_month,1,0.23,0
MGI-SYN-0643,1.95,344,1.26,672,6.6,7.38,227,18.0,pcr_free,within_month,10,0.0,0
MGI-SYN-0644,1.05,386,1.34,844,9.5,0.2,284,21.1,amplicon,within_month,10,0.3,1
MGI-SYN-0645,1.97,265,1.16,704,8.1,1.08,70,26.5,pcr_based,within_month,5,0.0,0
MGI-SYN-0646,1.94,384,1.29,649,9.9,3.85,313,24.0,pcr_based,overdue,1,0.38,0
MGI-SYN-0647,0.58,335,1.45,897,4.5,13.65,364,23.3,amplicon,within_month,5,0.75,1
MGI-SYN-0648,2.17,429,1.04,888,6.9,9.01,254,25.0,amplicon,overdue,8,0.15,0
MGI-SYN-0649,1.98,445,1.61,991,4.1,9.24,144,27.4,pcr_free,within_month,5,0.15,0
MGI-SYN-0650,3.15,557,1.96,772,6.6,1.81,24,22.1,rna_seq,within_month,5,0.0,0
MGI-SYN-0651,5.61,396,1.24,923,6.6,2.81,234,20.8,wes,within_week,1,0.08,0
MGI-SYN-0652,3.91,376,2.21,949,8.1,3.18,333,25.0,rna_seq,within_month,2,0.23,0
MGI-SYN-0653,1.95,366,1.8,930,7.1,0.86,175,21.4,pcr_based,today,2,0.08,0
MGI-SYN-0654,1.28,322,2.01,701,8.1,0.16,332,19.2,rna_seq,overdue,10,0.3,0
MGI-SYN-0655,8.06,377,1.34,877,8.3,14.68,325,20.4,pcr_based,within_month,5,0.25,0
MGI-SYN-0656,2.29,326,1.94,916,10.0,1.38,357,22.9,pcr_free,overdue,8,0.3,0
MGI-SYN-0657,2.24,363,1.16,851,6.4,1.37,159,20.7,wes,today,2,0.08,0
MGI-SYN-0658,2.2,455,1.96,474,5.3,0.44,348,20.9,amplicon,within_week,10,0.15,0
MGI-SYN-0659,2.46,269,1.67,879,7.4,13.19,348,18.9,amplicon,overdue,8,0.4,0
MGI-SYN-0660,2.07,441,1.82,1248,5.6,4.33,286,26.3,pcr_based,within_week,2,0.23,0
MGI-SYN-0661,1.67,455,1.13,785,9.7,5.5,18,21.0,pcr_free,within_month,8,0.0,0
MGI-SYN-0662,1.69,341,1.24,719,6.5,12.13,44,19.9,amplicon,overdue,3,0.25,0
MGI-SYN-0663,2.19,180,1.84,917,6.0,2.12,155,20.2,pcr_based,within_month,2,0.23,0
MGI-SYN-0664,1.7,301,1.22,906,6.2,4.86,355,24.4,amplicon,within_week,3,0.15,0
MGI-SYN-0665,1.56,454,1.79,1065,8.3,0.2,231,23.7,pcr_based,overdue,10,0.15,0
MGI-SYN-0666,2.35,348,1.05,624,6.7,1.03,316,20.5,rna_seq,today,10,0.15,0
MGI-SYN-0667,1.96,270,1.94,982,5.8,8.9,225,22.1,amplicon,overdue,3,0.15,0
MGI-SYN-0668,4.72,310,1.11,956,10.0,7.28,217,22.8,amplicon,today,5,0.0,0
MGI-SYN-0669,0.59,417,1.82,824,5.5,2.16,56,19.9,rna_seq,within_month,5,0.35,0
MGI-SYN-0670,3.84,394,1.85,911,7.1,2.36,31,17.4,amplicon,today,8,0.1,0
MGI-SYN-0671,4.15,331,1.32,1035,8.2,3.81,357,23.5,pcr_free,within_month,3,0.15,0
MGI-SYN-0672,0.79,321,1.83,1007,4.1,0.1,59,20.1,pcr_free,today,5,0.5,1
MGI-SYN-0673,1.88,319,1.7,644,7.9,1.38,353,23.3,amplicon,within_month,5,0.15,0
MGI-SYN-0674,1.85,276,1.38,998,5.1,1.17,235,23.0,pcr_based,within_month,1,0.08,0
MGI-SYN-0675,1.1,479,1.2,838,8.5,1.44,107,22.2,amplicon,today,3,0.15,0
MGI-SYN-0676,1.51,324,0.81,863,5.3,8.2,191,20.7,pcr_free,within_month,5,0.0,0
MGI-SYN-0677,1.28,447,1.74,863,8.2,1.64,18,20.1,pcr_based,within_month,3,0.0,0
MGI-SYN-0678,5.34,472,0.97,823,9.0,1.06,226,18.6,pcr_based,within_week,10,0.0,0
MGI-SYN-0679,3.55,430,1.64,1065,8.6,3.51,167,20.2,rna_seq,today,1,0.08,0
MGI-SYN-0680,4.2,315,1.49,835,7.5,10.04,71,23.7,amplicon,within_week,10,0.1,0
MGI-SYN-0681,3.19,382,1.87,648,6.6,1.38,362,26.2,rna_seq,today,2,0.23,0
MGI-SYN-0682,1.27,348,1.48,779,6.0,0.41,54,25.8,rna_seq,today,1,0.08,0
MGI-SYN-0683,1.71,278,1.47,882,9.6,2.2,245,22.4,pcr_free,within_week,3,0.0,0
MGI-SYN-0684,2.84,376,1.89,1071,5.7,6.88,350,26.2,pcr_based,within_month,8,0.15,0
MGI-SYN-0685,1.21,256,1.73,959,5.1,4.0,76,21.1,wes,within_month,8,0.0,0
MGI-SYN-0686,3.18,445,1.73,697,8.2,8.49,35,18.1,wes,today,2,0.08,0
MGI-SYN-0687,1.97,313,1.79,1297,5.6,16.04,267,27.8,pcr_based,overdue,2,0.33,0
MGI-SYN-0688,1.85,366,0.99,898,5.3,7.87,317,23.6,rna_seq,overdue,5,0.3,0
MGI-SYN-0689,3.18,373,1.9,1080,4.4,4.63,300,17.4,pcr_free,within_week,3,0.4,0
MGI-SYN-0690,2.78,329,1.84,823,6.1,3.4,121,26.7,pcr_based,today,8,0.0,0
MGI-SYN-0691,1.86,397,1.19,946,6.9,0.2,324,19.8,amplicon,overdue,1,0.38,1
MGI-SYN-0692,3.97,312,1.5,1001,7.4,20.78,25,20.4,pcr_based,within_month,5,0.2,0
MGI-SYN-0693,1.3,420,1.58,1069,8.7,2.42,160,25.1,pcr_free,within_week,5,0.0,0
MGI-SYN-0694,3.03,242,1.55,1040,7.9,0.83,84,26.1,pcr_based,within_month,10,0.0,0
MGI-SYN-0695,2.99,360,1.73,1007,6.7,5.49,114,19.0,pcr_free,within_month,5,0.0,0
MGI-SYN-0696,1.91,505,2.17,793,6.6,1.67,223,26.4,amplicon,within_week,2,0.08,0
MGI-SYN-0697,2.62,270,2.03,747,7.9,4.41,166,24.6,wes,within_month,2,0.08,0
MGI-SYN-0698,1.19,296,1.08,910,9.3,4.42,191,19.6,wes,within_month,5,0.15,0
MGI-SYN-0699,3.53,391,1.85,1018,7.2,2.95,175,21.3,amplicon,within_month,5,0.0,0
MGI-SYN-0700,2.03,364,2.13,810,6.2,9.04,1,26.5,pcr_based,overdue,8,0.15,0
MGI-SYN-0701,1.71,378,1.75,1042,5.2,1.54,229,17.3,pcr_based,today,5,0.1,0
MGI-SYN-0702,3.76,389,2.04,1111,4.4,2.98,86,26.1,pcr_free,within_month,5,0.15,0
MGI-SYN-0703,1.56,401,2.4,685,8.2,3.86,62,24.5,pcr_based,within_week,3,0.0,0
MGI-SYN-0704,1.1,439,2.01,699,8.0,5.45,320,23.5,pcr_free,within_week,3,0.3,0
MGI-SYN-0705,1.02,383,1.7,825,8.0,7.66,206,22.4,wes,within_week,2,0.23,0
MGI-SYN-0706,3.01,331,2.02,905,6.8,2.51,105,27.9,rna_seq,within_week,1,0.08,0
MGI-SYN-0707,1.17,404,1.66,756,9.5,5.19,318,28.4,pcr_based,today,5,0.4,0
MGI-SYN-0708,5.35,502,1.61,1093,6.1,0.82,291,20.2,amplicon,within_week,2,0.23,1
MGI-SYN-0709,0.79,339,1.46,926,8.7,13.49,250,23.8,pcr_free,within_week,2,0.53,1
MGI-SYN-0710,5.2,272,2.23,857,6.9,2.41,13,27.6,amplicon,within_month,2,0.08,0
MGI-SYN-0711,2.47,439,1.27,592,5.9,6.54,163,19.6,amplicon,today,2,0.08,0
MGI-SYN-0712,2.12,340,2.21,613,8.1,0.1,43,22.7,pcr_based,within_month,1,0.08,0
MGI-SYN-0713,1.69,176,1.8,901,7.7,1.15,111,25.0,pcr_free,within_week,5,0.15,0
MGI-SYN-0714,2.72,418,1.04,466,7.6,3.34,205,16.0,wes,today,3,0.1,1
MGI-SYN-0715,2.18,307,1.75,1032,7.1,10.53,256,24.5,amplicon,within_week,5,0.1,0
MGI-SYN-0716,3.86,343,0.76,822,6.9,3.75,307,18.7,wes,within_week,5,0.15,0
MGI-SYN-0717,2.36,377,1.85,1434,10.0,13.29,144,22.6,wes,within_month,10,0.35,1
MGI-SYN-0718,2.4,365,1.95,1265,9.1,3.31,146,25.4,rna_seq,within_week,1,0.08,0
MGI-SYN-0719,1.86,407,1.36,817,8.3,3.37,301,15.0,pcr_free,overdue,3,0.4,0
MGI-SYN-0720,2.16,315,1.65,831,7.2,0.64,164,24.4,pcr_free,overdue,2,0.23,0
MGI-SYN-0721,2.6,391,2.38,1029,8.8,8.11,169,28.1,pcr_based,within_week,3,0.1,0
MGI-SYN-0722,0.95,329,1.4,1157,7.9,1.42,298,20.4,pcr_free,within_month,10,0.3,1
MGI-SYN-0723,1.13,409,1.18,555,7.0,11.49,233,23.7,pcr_based,today,5,0.25,0
MGI-SYN-0724,3.23,399,2.19,528,6.5,12.09,271,26.0,amplicon,within_month,5,0.25,0
MGI-SYN-0725,2.42,275,2.39,738,6.9,14.35,60,17.2,amplicon,within_month,3,0.2,0
MGI-SYN-0726,2.03,437,1.6,955,1.3,3.67,296,24.3,pcr_based,within_week,5,0.45,1
MGI-SYN-0727,2.25,307,2.0,939,7.4,5.65,235,25.1,rna_seq,today,1,0.08,0
MGI-SYN-0728,2.65,415,2.14,1043,6.1,7.54,165,23.9,pcr_free,within_week,5,0.0,0
MGI-SYN-0729,1.7,379,1.3,634,9.9,0.7,194,22.3,pcr_based,within_week,5,0.0,0
MGI-SYN-0730,1.51,497,1.41,433,7.0,4.59,234,19.0,amplicon,within_month,3,0.0,0
MGI-SYN-0731,2.45,332,2.09,1004,4.9,0.17,183,26.2,wes,within_week,2,0.23,0
MGI-SYN-0732,1.36,322,2.27,701,6.9,3.44,333,22.1,pcr_based,within_week,8,0.15,0
MGI-SYN-0733,2.73,348,1.83,487,5.1,0.84,232,19.3,pcr_free,within_month,1,0.08,0
MGI-SYN-0734,0.95,326,1.25,876,7.9,1.01,361,21.0,amplicon,within_month,1,0.38,1
MGI-SYN-0735,3.72,414,2.39,993,7.5,2.27,107,23.1,pcr_free,today,3,0.0,0
MGI-SYN-0736,2.82,221,1.39,828,8.7,2.83,223,17.3,pcr_free,within_month,3,0.1,0
MGI-SYN-0737,2.53,266,1.47,768,5.6,4.88,80,22.1,amplicon,within_month,5,0.0,0
MGI-SYN-0738,3.64,265,1.74,821,7.1,0.39,234,20.7,pcr_based,within_month,5,0.0,0
MGI-SYN-0739,5.12,426,2.22,783,4.5,3.5,184,26.0,pcr_based,within_month,8,0.15,0
MGI-SYN-0740,3.7,487,1.94,607,8.3,1.01,185,16.4,pcr_based,within_month,3,0.1,0
MGI-SYN-0741,0.89,342,1.77,721,7.9,4.27,134,24.8,rna_seq,within_week,5,0.15,0
MGI-SYN-0742,1.17,336,1.79,944,7.9,5.07,220,26.3,rna_seq,within_month,8,0.15,1
MGI-SYN-0743,1.63,356,1.62,908,7.0,4.07,288,16.5,pcr_based,overdue,3,0.4,0
MGI-SYN-0744,2.25,443,1.82,880,7.7,6.7,364,16.8,pcr_based,within_month,3,0.25,1
MGI-SYN-0745,2.88,276,0.59,671,9.9,2.04,202,27.4,pcr_based,today,8,0.0,0
MGI-SYN-0746,1.55,369,1.48,817,6.5,7.24,146,19.3,pcr_based,today,1,0.08,1
MGI-SYN-0747,2.44,428,1.7,458,7.2,2.83,324,31.3,pcr_based,overdue,3,0.4,1
MGI-SYN-0748,1.53,390,1.14,882,5.0,3.31,127,16.6,amplicon,today,2,0.18,0
MGI-SYN-0749,1.64,365,1.75,1107,5.4,5.22,135,22.5,pcr_based,today,1,0.08,0
MGI-SYN-0750,1.1,430,1.52,585,7.2,0.1,114,21.9,pcr_based,within_week,2,0.23,0
MGI-SYN-0751,1.4,134,2.3,745,9.0,5.31,264,21.4,pcr_free,overdue,3,0.45,1
MGI-SYN-0752,1.13,404,2.23,909,6.5,4.82,64,23.4,pcr_based,within_week,5,0.15,0
MGI-SYN-0753,1.37,298,1.41,1076,6.6,1.85,135,23.6,pcr_based,within_week,3,0.0,0
MGI-SYN-0754,3.77,204,1.54,769,6.3,0.45,41,21.5,pcr_based,within_month,8,0.15,1
MGI-SYN-0755,1.38,391,1.57,725,6.0,0.48,296,19.0,amplicon,today,3,0.15,0
MGI-SYN-0756,8.3,460,1.42,496,7.5,12.83,3,25.1,amplicon,overdue,10,0.25,0
MGI-SYN-0757,2.85,339,1.68,869,4.3,5.84,194,23.9,pcr_based,within_month,10,0.15,1
MGI-SYN-0758,2.44,426,1.3,1218,9.3,0.68,110,22.3,amplicon,within_month,8,0.0,0
MGI-SYN-0759,1.45,479,1.15,900,5.8,2.21,221,23.8,pcr_based,overdue,10,0.15,0
MGI-SYN-0760,3.16,455,1.85,846,8.3,4.49,4,24.3,pcr_free,overdue,5,0.15,1
MGI-SYN-0761,1.67,481,1.85,908,4.7,9.03,244,19.7,amplicon,within_week,8,0.15,0
MGI-SYN-0762,2.37,409,1.28,848,8.2,0.22,166,23.7,pcr_based,within_week,2,0.08,0
MGI-SYN-0763,8.0,356,1.96,704,8.2,1.35,26,20.3,amplicon,within_month,3,0.0,0
MGI-SYN-0764,2.12,222,1.35,998,7.7,11.02,17,24.4,amplicon,within_week,8,0.1,0
MGI-SYN-0765,3.95,330,1.7,891,5.2,0.1,216,21.4,rna_seq,overdue,3,0.15,0
MGI-SYN-0766,1.57,283,1.93,853,7.4,1.12,92,23.8,rna_seq,overdue,8,0.15,0
MGI-SYN-0767,2.19,524,1.59,674,4.9,15.97,31,20.7,pcr_free,today,8,0.25,0
MGI-SYN-0768,5.39,336,1.78,1085,6.5,4.75,205,24.0,rna_seq,overdue,3,0.15,1
MGI-SYN-0769,1.63,360,1.39,970,8.9,1.52,207,19.1,amplicon,within_week,8,0.0,0
MGI-SYN-0770,5.51,394,1.52,750,8.4,0.35,107,22.1,amplicon,within_month,2,0.08,0
MGI-SYN-0771,3.17,353,1.52,1030,7.0,0.14,146,24.9,pcr_free,today,3,0.0,0
MGI-SYN-0772,1.68,486,1.3,760,5.2,1.4,101,23.4,wes,overdue,5,0.15,0
MGI-SYN-0773,3.05,300,1.53,709,8.2,10.66,318,22.6,pcr_free,within_month,2,0.33,1
MGI-SYN-0774,3.62,366,0.98,713,7.0,2.69,241,27.4,wes,within_month,5,0.0,0
MGI-SYN-0775,3.04,291,1.4,531,2.8,6.37,247,25.1,pcr_free,overdue,5,0.45,1
MGI-SYN-0776,1.01,244,1.49,935,8.4,12.52,163,24.6,amplicon,within_month,2,0.33,0
MGI-SYN-0777,1.55,301,1.5,520,7.0,2.62,173,24.0,pcr_based,within_week,8,0.0,0
MGI-SYN-0778,1.97,347,1.5,629,9.2,1.06,35,24.3,pcr_free,overdue,5,0.15,0
MGI-SYN-0779,2.14,316,1.58,476,5.0,3.64,284,27.0,pcr_free,within_month,3,0.15,0
MGI-SYN-0780,3.04,295,1.79,835,1.3,11.93,359,20.7,pcr_based,overdue,2,0.78,1
MGI-SYN-0781,2.43,237,1.95,823,7.5,8.16,358,25.0,pcr_free,overdue,8,0.3,1
MGI-SYN-0782,1.14,343,1.34,791,7.5,0.34,21,23.1,pcr_based,within_week,8,0.15,0
MGI-SYN-0783,2.69,230,1.12,662,4.0,5.9,308,20.9,amplicon,within_week,2,0.38,0
MGI-SYN-0784,3.02,411,1.18,639,5.2,4.24,163,21.7,wes,within_week,1,0.08,0
MGI-SYN-0785,2.94,357,1.41,934,10.0,11.9,97,22.7,amplicon,within_month,8,0.1,0
MGI-SYN-0786,3.82,233,1.46,751,6.4,0.65,307,19.4,pcr_free,within_week,5,0.15,0
MGI-SYN-0787,3.38,325,1.29,907,8.3,3.82,339,24.6,pcr_based,within_month,2,0.23,0
MGI-SYN-0788,2.8,290,1.08,691,5.8,10.58,55,21.7,pcr_based,today,5,0.1,0
MGI-SYN-0789,2.15,376,1.42,883,3.2,2.64,333,22.3,rna_seq,today,3,0.3,0
MGI-SYN-0790,0.97,457,1.67,1085,6.7,3.29,127,26.1,wes,within_week,8,0.15,0
MGI-SYN-0791,2.76,200,1.84,956,6.5,0.37,193,22.4,pcr_based,today,2,0.23,0
MGI-SYN-0792,2.47,359,1.38,776,6.3,1.63,243,26.7,pcr_free,within_month,3,0.0,0
MGI-SYN-0793,2.55,337,1.43,896,6.8,1.96,349,20.4,wes,today,2,0.23,0
MGI-SYN-0794,1.18,404,1.23,807,7.5,14.51,88,18.7,wes,within_week,10,0.25,1
MGI-SYN-0795,1.3,367,1.59,851,6.7,1.66,336,21.1,wes,today,8,0.15,0
MGI-SYN-0796,3.77,290,1.26,791,4.7,3.09,215,15.0,wes,within_month,5,0.25,0
MGI-SYN-0797,2.18,324,1.83,820,7.9,5.56,92,24.7,pcr_based,within_month,5,0.0,0
MGI-SYN-0798,3.13,286,0.89,888,3.5,0.88,303,18.9,pcr_free,within_week,3,0.3,0
MGI-SYN-0799,2.26,436,1.46,671,3.3,3.33,235,20.1,pcr_based,within_month,10,0.15,0
MGI-SYN-0800,2.26,352,1.72,667,8.3,6.71,184,24.1,pcr_based,within_week,1,0.08,0
MGI-SYN-0801,3.56,502,1.67,600,7.9,10.08,38,22.4,pcr_based,within_week,8,0.1,1
MGI-SYN-0802,1.72,345,2.68,562,6.9,4.92,139,20.7,pcr_based,within_month,2,0.08,0
MGI-SYN-0803,2.34,293,1.74,631,4.5,5.53,195,15.9,pcr_based,within_week,3,0.25,0
MGI-SYN-0804,1.77,229,1.2,879,5.7,0.67,15,25.9,pcr_based,within_month,5,0.0,0
MGI-SYN-0805,1.79,206,1.56,689,6.5,14.57,257,24.2,pcr_based,today,8,0.25,0
MGI-SYN-0806,1.91,223,0.89,942,4.1,0.71,135,28.2,pcr_free,overdue,8,0.4,0
MGI-SYN-0807,2.49,371,1.57,856,5.7,7.45,1,20.2,pcr_based,today,5,0.0,0
MGI-SYN-0808,1.75,391,1.27,496,8.2,1.54,49,17.6,wes,within_month,3,0.1,0
MGI-SYN-0809,4.17,224,1.97,968,9.6,13.56,96,25.0,wes,overdue,10,0.25,0
MGI-SYN-0810,1.42,422,1.38,996,6.2,6.36,201,21.4,pcr_based,today,2,0.08,0
MGI-SYN-0811,2.03,311,1.55,671,8.4,7.01,26,23.9,pcr_based,within_month,8,0.0,0
MGI-SYN-0812,1.79,362,1.35,926,3.6,1.24,343,26.9,pcr_free,within_week,5,0.3,0
MGI-SYN-0813,4.59,479,2.3,696,8.2,2.93,235,23.2,amplicon,within_month,3,0.0,0
MGI-SYN-0814,2.46,422,1.47,868,5.6,4.81,349,22.5,pcr_based,within_week,1,0.23,0
MGI-SYN-0815,3.73,329,2.33,622,7.6,7.35,244,22.7,pcr_based,today,3,0.0,0
MGI-SYN-0816,1.06,279,1.93,527,6.6,0.55,358,17.1,wes,within_month,3,0.4,0
MGI-SYN-0817,2.54,178,1.79,781,9.4,16.4,327,25.3,pcr_based,within_week,2,0.48,0
MGI-SYN-0818,3.47,292,1.75,828,5.4,11.05,351,25.5,pcr_free,within_month,1,0.33,0
MGI-SYN-0819,2.32,333,1.76,778,8.1,1.58,51,23.6,pcr_free,within_week,3,0.0,0
MGI-SYN-0820,3.79,271,0.83,637,6.5,8.65,81,17.5,pcr_based,within_week,5,0.1,0
MGI-SYN-0821,1.72,339,1.49,778,6.7,3.65,36,21.6,pcr_based,within_month,8,0.0,0
MGI-SYN-0822,4.5,356,1.94,898,6.7,3.1,67,26.3,wes,within_month,2,0.08,0
MGI-SYN-0823,7.02,332,1.58,842,5.5,1.89,129,20.3,pcr_based,within_week,3,0.0,0
MGI-SYN-0824,1.86,298,1.04,883,7.0,4.35,155,25.6,amplicon,within_week,3,0.0,0
MGI-SYN-0825,1.78,363,1.58,729,6.9,6.54,245,22.2,pcr_based,within_week,5,0.0,0
MGI-SYN-0826,4.6,385,2.28,1061,7.4,2.65,111,24.1,pcr_based,within_week,8,0.0,0
MGI-SYN-0827,4.9,263,2.1,638,7.2,4.96,168,20.8,pcr_based,within_week,5,0.0,0
MGI-SYN-0828,1.71,463,1.58,938,8.4,6.01,142,22.3,pcr_based,within_week,8,0.0,0
MGI-SYN-0829,1.8,342,1.98,1063,8.7,6.21,356,23.3,pcr_based,within_month,5,0.15,0
MGI-SYN-0830,1.93,352,1.45,937,5.1,0.27,197,18.8,pcr_based,within_month,5,0.0,0
MGI-SYN-0831,1.14,407,0.92,814,8.6,9.82,109,22.8,wes,within_week,3,0.15,0
MGI-SYN-0832,1.41,369,1.23,755,4.9,3.06,79,15.0,pcr_based,within_week,8,0.25,0
MGI-SYN-0833,1.35,426,2.23,1036,8.1,1.52,161,20.2,pcr_free,within_week,10,0.0,0
MGI-SYN-0834,1.52,373,1.49,594,8.1,1.38,19,23.6,pcr_free,within_month,5,0.0,0
MGI-SYN-0835,2.19,301,1.5,675,3.6,3.3,127,25.4,pcr_free,overdue,8,0.3,0
MGI-SYN-0836,2.5,379,1.48,778,7.2,10.89,205,23.4,pcr_based,within_month,1,0.18,0
MGI-SYN-0837,4.83,259,2.36,1073,6.2,2.38,29,17.8,pcr_free,within_month,10,0.1,0
MGI-SYN-0838,1.35,359,2.25,918,5.6,6.93,207,25.1,pcr_free,within_month,2,0.08,0
MGI-SYN-0839,3.64,347,2.49,676,9.4,0.51,280,18.6,pcr_based,within_week,3,0.15,0
MGI-SYN-0840,2.0,333,1.54,794,5.8,3.23,151,23.8,amplicon,today,1,0.08,0
MGI-SYN-0841,2.17,340,1.72,739,5.5,23.95,240,18.7,pcr_free,within_month,10,0.2,0
MGI-SYN-0842,3.12,199,0.99,722,7.1,7.36,266,19.7,pcr_based,within_week,8,0.15,1
MGI-SYN-0843,1.27,306,2.19,1026,8.2,1.18,182,19.1,amplicon,within_month,10,0.0,0
MGI-SYN-0844,2.69,357,1.13,603,6.7,3.48,105,22.4,rna_seq,within_month,8,0.0,0
MGI-SYN-0845,2.42,363,1.69,1140,9.1,1.33,236,21.4,amplicon,within_month,3,0.0,0
MGI-SYN-0846,2.85,268,1.16,999,8.0,2.63,173,23.5,pcr_free,within_week,10,0.0,0
MGI-SYN-0847,2.57,451,1.36,1046,3.1,7.57,158,21.9,amplicon,within_month,10,0.15,0
MGI-SYN-0848,7.6,281,1.27,767,6.0,7.38,172,17.4,amplicon,within_month,5,0.1,0
MGI-SYN-0849,1.62,428,1.36,823,6.0,1.29,311,22.8,pcr_free,within_month,2,0.23,1
MGI-SYN-0850,1.71,384,1.38,592,7.9,12.77,157,16.7,wes,within_month,5,0.2,0
MGI-SYN-0851,1.63,298,1.38,756,2.3,4.49,258,19.3,pcr_based,overdue,10,0.45,0
MGI-SYN-0852,1.69,492,1.93,939,10.0,2.39,164,20.9,rna_seq,today,8,0.0,0
MGI-SYN-0853,1.62,255,1.16,1083,8.0,3.49,147,20.7,amplicon,within_week,8,0.0,0
MGI-SYN-0854,4.03,424,1.69,651,7.3,4.65,154,17.1,amplicon,within_week,10,0.1,0
MGI-SYN-0855,4.53,430,2.09,784,9.1,4.1,38,26.1,amplicon,today,8,0.0,0
MGI-SYN-0856,1.67,296,1.39,823,10.0,3.33,131,26.9,pcr_based,overdue,8,0.15,0
MGI-SYN-0857,1.47,461,1.31,599,8.6,3.52,358,28.8,pcr_based,overdue,5,0.4,1
MGI-SYN-0858,2.82,330,1.51,956,8.7,0.97,255,25.4,wes,within_week,3,0.0,0
MGI-SYN-0859,1.69,373,2.07,720,7.2,8.38,208,20.8,amplicon,today,5,0.0,0
MGI-SYN-0860,3.05,371,1.68,815,6.7,3.9,95,20.8,wes,within_week,5,0.0,0
MGI-SYN-0861,2.46,339,1.39,769,6.1,0.7,348,20.6,wes,within_month,8,0.15,1
MGI-SYN-0862,1.04,415,1.79,708,5.5,7.27,327,28.0,rna_seq,within_week,3,0.3,0
MGI-SYN-0863,4.82,413,1.16,849,5.8,13.47,171,21.7,amplicon,today,2,0.18,0
MGI-SYN-0864,5.46,210,1.87,811,4.6,14.72,250,25.8,pcr_based,today,1,0.48,1
MGI-SYN-0865,1.64,454,1.76,783,6.9,2.3,190,25.6,pcr_free,within_week,5,0.0,0
MGI-SYN-0866,1.83,217,1.48,719,4.0,0.73,199,22.6,amplicon,overdue,5,0.45,0
MGI-SYN-0867,2.57,433,1.26,908,7.3,3.65,221,17.6,pcr_based,within_week,3,0.1,0
MGI-SYN-0868,2.63,440,1.25,1148,6.9,0.6,24,21.7,pcr_based,within_week,2,0.08,0
MGI-SYN-0869,3.09,263,1.81,875,7.3,13.59,244,22.4,pcr_free,today,3,0.1,0
MGI-SYN-0870,6.08,317,2.09,1029,6.1,1.01,324,25.8,wes,within_month,2,0.23,0
MGI-SYN-0871,2.04,262,1.35,600,10.0,1.46,128,22.1,wes,within_month,3,0.0,0
MGI-SYN-0872,1.49,333,1.78,878,9.4,2.61,93,18.4,amplicon,within_week,3,0.0,0
MGI-SYN-0873,1.12,325,0.77,652,4.8,2.42,300,25.0,pcr_based,within_week,3,0.45,1
MGI-SYN-0874,1.54,412,1.37,584,7.4,7.92,133,21.3,amplicon,within_month,3,0.0,0
MGI-SYN-0875,2.19,455,1.59,717,5.9,3.05,55,15.0,amplicon,today,3,0.1,0
MGI-SYN-0876,5.46,462,1.24,1065,5.2,0.94,158,23.0,pcr_based,within_month,8,0.0,0
MGI-SYN-0877,1.72,305,1.23,1021,4.6,1.55,29,23.5,pcr_based,within_week,3,0.15,0
MGI-SYN-0878,2.49,333,1.33,894,7.8,3.56,211,19.5,pcr_based,within_week,2,0.08,0
MGI-SYN-0879,2.21,215,1.72,574,5.8,0.8,154,21.4,amplicon,within_month,2,0.23,1
MGI-SYN-0880,4.03,286,1.53,815,8.7,4.73,293,24.0,amplicon,within_month,3,0.15,0
MGI-SYN-0881,7.87,427,0.7,904,8.8,4.17,222,23.0,pcr_based,within_month,1,0.08,0
MGI-SYN-0882,1.71,479,0.75,882,9.5,6.27,115,17.3,rna_seq,today,1,0.18,0
MGI-SYN-0883,1.74,251,1.36,518,5.5,13.88,158,25.8,pcr_free,within_month,5,0.1,0
MGI-SYN-0884,3.75,303,1.78,690,7.9,12.17,259,27.1,pcr_based,within_month,5,0.1,0
MGI-SYN-0885,3.13,348,0.5,838,8.1,14.6,251,20.5,pcr_based,within_month,5,0.1,0
MGI-SYN-0886,5.6,372,1.4,947,6.1,1.4,122,16.3,pcr_free,within_month,8,0.1,0
MGI-SYN-0887,2.98,285,1.39,455,5.6,0.71,299,24.3,pcr_based,today,1,0.23,0
MGI-SYN-0888,1.86,384,2.16,821,9.9,1.8,263,20.0,pcr_based,within_month,10,0.0,0
MGI-SYN-0889,2.99,312,1.45,876,7.4,11.27,49,23.6,pcr_based,within_month,1,0.18,1
MGI-SYN-0890,3.87,349,1.75,1003,8.1,17.89,329,28.6,pcr_based,within_week,5,0.35,1
MGI-SYN-0891,3.35,394,1.66,975,5.5,9.81,297,17.4,amplicon,within_month,2,0.33,0
MGI-SYN-0892,2.87,351,0.75,955,4.8,0.58,362,19.6,pcr_based,within_week,8,0.3,0
MGI-SYN-0893,3.79,315,1.91,706,6.0,14.73,77,21.4,pcr_free,within_week,5,0.1,0
MGI-SYN-0894,3.99,341,1.69,507,6.8,2.75,127,25.9,wes,overdue,1,0.23,0
MGI-SYN-0895,4.44,343,1.8,779,5.1,0.1,197,32.7,pcr_free,within_week,5,0.1,0
MGI-SYN-0896,3.08,320,3.17,1030,7.0,2.92,221,22.7,wes,within_week,1,0.08,0
MGI-SYN-0897,2.05,329,0.77,1101,4.0,0.24,91,17.1,rna_seq,within_month,8,0.25,0
MGI-SYN-0898,2.39,478,2.29,978,5.0,3.92,8,21.0,pcr_based,overdue,5,0.15,0
MGI-SYN-0899,4.07,395,1.49,927,8.2,2.07,32,19.7,rna_seq,overdue,2,0.23,0
MGI-SYN-0900,1.48,326,1.71,918,8.1,3.21,320,24.2,wes,within_month,3,0.15,0
MGI-SYN-0901,2.68,406,1.58,750,6.3,4.75,269,23.1,rna_seq,today,1,0.08,0
MGI-SYN-0902,1.83,323,1.43,827,5.2,10.16,191,18.9,amplicon,overdue,5,0.25,0
MGI-SYN-0903,2.26,444,1.37,1150,5.2,5.42,349,19.5,pcr_free,within_month,3,0.15,0
MGI-SYN-0904,4.22,380,1.73,680,6.3,2.85,163,20.9,wes,within_week,5,0.0,0
MGI-SYN-0905,2.45,341,0.99,1141,8.2,8.56,61,21.3,pcr_free,within_month,10,0.0,0
MGI-SYN-0906,2.28,386,1.9,792,8.7,11.8,264,21.9,pcr_free,within_week,3,0.1,0
MGI-SYN-0907,1.13,224,1.43,1089,6.1,0.64,285,22.1,pcr_based,today,10,0.3,1
MGI-SYN-0908,3.23,260,1.15,597,4.9,3.8,95,25.7,pcr_based,within_month,5,0.15,0
MGI-SYN-0909,3.07,254,1.42,955,7.5,1.67,41,20.8,pcr_based,within_month,2,0.08,0
MGI-SYN-0910,6.56,361,2.1,717,5.5,0.24,149,20.4,amplicon,within_week,3,0.0,0
MGI-SYN-0911,1.91,489,1.39,595,6.1,5.52,204,18.0,rna_seq,within_week,5,0.0,0
MGI-SYN-0912,2.48,529,1.74,889,9.4,9.93,267,21.3,pcr_free,within_month,3,0.0,0
MGI-SYN-0913,2.52,401,1.31,1032,8.5,0.89,2,22.8,rna_seq,within_week,1,0.08,0
MGI-SYN-0914,4.9,390,1.9,698,7.3,8.37,178,16.8,rna_seq,within_week,2,0.18,0
MGI-SYN-0915,2.12,206,1.87,580,4.7,9.6,194,21.0,pcr_free,within_month,8,0.3,0
MGI-SYN-0916,2.56,307,2.34,833,7.4,12.29,336,25.5,pcr_based,overdue,5,0.4,0
MGI-SYN-0917,3.02,287,1.53,834,8.9,1.54,196,23.9,wes,within_month,5,0.0,0
MGI-SYN-0918,2.44,300,1.87,949,6.3,11.71,343,23.1,amplicon,within_month,2,0.33,0
MGI-SYN-0919,1.78,337,1.64,1021,9.4,1.93,249,23.9,wes,within_month,8,0.0,0
MGI-SYN-0920,2.45,312,2.12,839,9.3,4.02,212,20.3,amplicon,within_month,10,0.0,0
MGI-SYN-0921,3.81,192,1.31,1184,10.0,0.26,153,19.9,pcr_based,within_week,1,0.23,0
MGI-SYN-0922,1.33,410,1.9,890,7.5,0.22,158,25.8,pcr_free,overdue,1,0.23,0
MGI-SYN-0923,2.38,264,1.52,788,8.1,6.37,362,24.5,amplicon,within_week,8,0.15,0
MGI-SYN-0924,1.57,369,1.57,560,9.5,2.94,139,19.8,pcr_free,today,8,0.0,0
MGI-SYN-0925,4.05,516,1.64,803,7.8,1.48,221,16.4,amplicon,within_week,5,0.1,0
MGI-SYN-0926,1.04,276,1.7,789,6.1,1.06,273,19.8,wes,within_month,10,0.3,0
MGI-SYN-0927,1.68,148,1.55,1023,6.2,5.54,154,23.6,amplicon,today,5,0.3,1
MGI-SYN-0928,2.69,327,1.69,933,7.4,0.1,249,20.0,rna_seq,today,2,0.08,0
MGI-SYN-0929,4.87,438,2.23,638,4.7,8.2,279,23.0,pcr_based,within_month,5,0.3,0
MGI-SYN-0930,2.15,507,1.99,881,6.7,0.41,304,26.3,amplicon,overdue,5,0.3,0
MGI-SYN-0931,1.69,252,1.95,971,9.0,1.06,276,21.7,amplicon,within_month,10,0.15,0
MGI-SYN-0932,5.7,390,1.42,1125,3.1,2.44,2,22.7,rna_seq,within_week,2,0.23,0
MGI-SYN-0933,1.08,313,1.24,1010,9.8,3.32,88,24.1,amplicon,today,5,0.15,0
MGI-SYN-0934,0.74,342,1.98,987,9.0,2.19,287,18.8,pcr_free,within_month,8,0.5,1
MGI-SYN-0935,2.77,562,1.95,861,6.2,1.93,130,19.7,rna_seq,today,3,0.0,0
MGI-SYN-0936,1.73,230,2.19,920,8.0,16.61,78,24.2,amplicon,within_month,3,0.1,0
MGI-SYN-0937,1.34,370,1.36,1075,7.0,5.13,260,22.1,pcr_free,within_week,8,0.0,0
MGI-SYN-0938,3.17,387,1.51,610,9.2,0.12,241,22.4,amplicon,overdue,3,0.15,0
MGI-SYN-0939,2.51,437,0.94,787,8.8,2.81,141,22.1,wes,within_month,5,0.0,0
MGI-SYN-0940,1.68,358,1.44,711,4.5,10.4,228,24.9,amplicon,within_week,8,0.25,0
MGI-SYN-0941,1.17,375,2.0,918,8.1,1.79,163,23.3,pcr_based,overdue,2,0.38,1
MGI-SYN-0942,3.44,319,1.41,1071,6.6,0.5,236,23.3,wes,within_week,10,0.0,0
MGI-SYN-0943,3.08,372,1.86,743,7.1,7.1,128,25.7,wes,within_week,5,0.0,0
MGI-SYN-0944,2.12,323,1.52,420,5.7,4.66,200,26.8,pcr_based,within_month,3,0.0,0
MGI-SYN-0945,5.6,400,1.73,776,10.0,4.22,31,28.7,pcr_free,within_week,3,0.1,0
MGI-SYN-0946,1.3,320,1.14,1014,8.9,0.28,138,20.3,pcr_based,within_week,10,0.0,0
MGI-SYN-0947,1.04,380,1.63,947,5.7,0.76,21,29.4,amplicon,within_week,2,0.33,0
MGI-SYN-0948,1.57,348,0.5,927,4.6,4.87,234,18.7,wes,today,3,0.15,0
MGI-SYN-0949,2.18,440,1.53,800,6.3,1.16,202,27.8,pcr_based,today,3,0.0,0
MGI-SYN-0950,2.51,346,0.95,620,7.8,3.51,279,20.1,pcr_based,within_month,3,0.15,0
MGI-SYN-0951,1.97,208,2.08,943,7.4,3.94,131,21.8,pcr_free,within_month,3,0.15,0
MGI-SYN-0952,2.65,451,1.91,700,9.3,1.67,148,22.1,amplicon,within_week,10,0.0,0
MGI-SYN-0953,1.19,278,1.79,1243,8.4,14.82,29,19.4,pcr_free,within_week,8,0.25,0
MGI-SYN-0954,4.58,298,2.21,953,8.7,9.24,361,22.3,pcr_free,overdue,3,0.3,1
MGI-SYN-0955,2.14,302,1.22,745,7.6,6.41,308,19.6,pcr_free,overdue,3,0.3,0
MGI-SYN-0956,3.89,460,2.3,740,4.5,0.41,162,18.3,amplicon,within_month,5,0.15,1
MGI-SYN-0957,2.64,179,1.97,833,6.6,0.56,357,21.9,pcr_based,within_month,1,0.38,1
MGI-SYN-0958,2.8,601,1.51,807,8.9,3.39,340,26.8,pcr_based,within_month,8,0.15,0
MGI-SYN-0959,2.96,434,2.05,1051,6.9,0.88,61,21.2,rna_seq,within_week,8,0.0,0
MGI-SYN-0960,2.78,368,1.16,884,7.9,19.14,125,24.8,pcr_free,today,8,0.1,0
MGI-SYN-0961,3.07,346,1.27,718,6.4,0.86,71,19.5,pcr_based,today,3,0.0,0
MGI-SYN-0962,4.33,373,1.36,1190,5.1,3.34,326,18.1,rna_seq,within_month,3,0.15,1
MGI-SYN-0963,2.46,392,1.39,859,6.8,2.26,364,23.4,pcr_based,within_month,1,0.23,0
MGI-SYN-0964,3.17,402,1.18,988,7.6,5.1,243,27.3,amplicon,within_month,3,0.0,0
MGI-SYN-0965,2.13,394,2.09,741,5.8,0.69,249,22.6,pcr_free,today,3,0.0,0
MGI-SYN-0966,4.57,357,1.5,915,6.6,2.81,221,24.5,wes,within_month,10,0.0,0
MGI-SYN-0967,1.59,334,1.74,906,5.3,1.61,21,26.5,pcr_based,within_month,8,0.0,0
MGI-SYN-0968,5.48,338,1.37,510,9.0,10.94,82,21.9,wes,overdue,10,0.25,0
MGI-SYN-0969,2.18,334,0.87,1213,6.5,0.21,344,21.5,pcr_based,today,8,0.15,0
MGI-SYN-0970,1.09,441,1.71,1082,9.6,12.25,10,23.4,pcr_based,within_month,1,0.33,0
MGI-SYN-0971,2.37,397,0.84,779,9.8,8.95,12,24.0,wes,today,5,0.0,0
MGI-SYN-0972,1.58,115,1.57,652,6.9,1.77,263,17.8,rna_seq,within_month,1,0.48,1
MGI-SYN-0973,3.39,402,1.05,913,5.2,7.79,145,22.9,pcr_free,within_month,3,0.0,0
MGI-SYN-0974,1.61,366,2.39,866,3.2,0.16,192,22.0,wes,today,5,0.15,0
MGI-SYN-0975,1.78,349,1.96,914,4.4,17.04,250,19.6,pcr_based,within_month,5,0.25,0
MGI-SYN-0976,0.87,319,1.64,884,4.5,3.74,114,21.8,amplicon,today,5,0.3,0
MGI-SYN-0977,1.78,440,2.11,941,9.5,1.81,26,18.5,pcr_based,within_month,1,0.08,0
MGI-SYN-0978,0.66,426,1.26,1111,7.2,2.25,271,17.5,amplicon,within_week,2,0.68,1
MGI-SYN-0979,1.01,288,1.82,952,7.7,0.34,33,22.2,pcr_based,within_month,2,0.23,0
MGI-SYN-0980,3.26,383,1.68,661,3.0,22.71,62,24.7,pcr_based,overdue,1,0.58,1
MGI-SYN-0981,3.3,272,1.71,1095,4.8,0.2,229,21.0,pcr_free,within_week,2,0.23,1
MGI-SYN-0982,2.75,240,2.11,1145,8.6,5.32,303,19.1,pcr_free,within_month,5,0.15,0
MGI-SYN-0983,1.37,300,1.89,1417,7.5,2.92,95,19.6,rna_seq,within_month,8,0.25,0
MGI-SYN-0984,2.17,419,1.72,648,6.7,14.87,35,23.6,rna_seq,within_week,3,0.1,0
MGI-SYN-0985,2.22,426,0.94,894,8.0,1.41,193,27.0,wes,within_month,5,0.0,0
MGI-SYN-0986,1.25,391,1.22,475,9.9,3.8,76,24.3,pcr_based,within_month,2,0.08,0
MGI-SYN-0987,4.72,408,1.55,950,6.6,3.29,249,25.9,pcr_based,overdue,10,0.15,0
MGI-SYN-0988,3.45,391,1.64,751,7.1,6.07,83,18.9,amplicon,overdue,3,0.15,0
MGI-SYN-0989,1.99,299,1.15,1196,7.3,0.35,25,21.8,rna_seq,within_month,8,0.0,0
MGI-SYN-0990,2.26,385,2.56,711,10.0,1.08,57,25.1,pcr_based,within_month,10,0.0,0
MGI-SYN-0991,2.47,414,2.21,546,3.2,1.21,32,17.8,wes,within_month,8,0.25,0
MGI-SYN-0992,0.8,410,1.84,765,8.2,6.7,319,20.0,rna_seq,within_month,1,0.38,0
MGI-SYN-0993,1.97,445,1.63,494,6.8,1.05,12,24.8,wes,today,5,0.0,0
MGI-SYN-0994,1.58,407,1.52,985,8.0,4.26,319,22.8,pcr_free,within_week,2,0.23,0
MGI-SYN-0995,1.35,378,1.22,478,5.8,1.21,333,19.1,pcr_free,within_month,1,0.23,1
MGI-SYN-0996,1.93,436,1.63,855,6.9,9.89,92,17.1,pcr_based,within_month,1,0.18,0
MGI-SYN-0997,5.47,348,1.7,476,8.3,14.25,1,26.0,pcr_based,within_month,10,0.1,0
MGI-SYN-0998,3.07,279,1.1,792,10.0,3.65,326,15.8,pcr_free,within_week,10,0.25,0
MGI-SYN-0999,1.67,337,1.73,1146,8.5,2.17,136,23.9,pcr_based,overdue,2,0.23,0
MGI-SYN-1000,2.96,290,1.54,915,5.5,1.33,196,20.4,wes,within_week,5,0.0,0
